Player,Team,Age,Pos,G,MP,PTS,TRB,AST,STL,BLK,FGA,FTA,TOV,FG%,3P%,eFG%,FT%,W,L,PS/G,PA/G
A.J. Lawson,TOR,25.0,N/A,24,9.4,4.2,1.8,0.3,0.5,0.2,3.3,0.8,0.3,0.436,0.422,0.5454545454545454,0.778,12,12,114.6,111.8
AJ Green,MIL,26.0,N/A,78,29.1,10.4,2.7,1.9,0.5,0.1,7.9,0.8,1.0,0.424,0.419,0.620253164556962,0.855,31,47,110.6,116.8
AJ Johnson,DAL,21.0,N/A,48,9.4,3.3,1.1,1.0,0.2,0.1,3.7,0.8,0.6,0.324,0.211,0.3648648648648648,0.85,9,39,114.1,119.6
Aaron Gordon,DEN,30.0,N/A,36,27.9,16.2,5.8,2.7,0.6,0.3,11.1,4.5,1.1,0.497,0.389,0.5720720720720721,0.767,27,9,122.1,117.0
Aaron Holiday,HOU,29.0,N/A,57,13.7,5.5,1.0,1.1,0.5,0.1,4.4,0.7,0.7,0.417,0.394,0.5454545454545454,0.854,38,19,115.2,110.0
Aaron Nesmith,IND,26.0,N/A,45,29.7,13.8,4.2,1.9,0.6,0.5,11.4,2.5,1.4,0.414,0.379,0.513157894736842,0.829,10,35,112.4,120.4
Aaron Wiggins,OKC,27.0,N/A,65,21.8,9.4,3.1,1.7,0.9,0.4,8.2,1.1,1.2,0.431,0.356,0.5304878048780488,0.736,50,15,119.0,107.9
Ace Bailey,UTA,19.0,N/A,72,27.6,13.8,4.2,1.8,0.8,0.7,12.4,1.2,1.5,0.443,0.344,0.5201612903225806,0.75,19,53,117.6,126.0
Adama Bal,MEM,22.0,N/A,8,30.2,10.4,3.1,2.4,1.1,0.1,8.5,1.3,0.8,0.412,0.409,0.5470588235294118,0.9,1,7,114.7,120.7
Adem Bona,PHI,23.0,N/A,71,17.4,4.8,4.3,0.5,0.4,1.2,3.1,1.6,0.8,0.595,0.333,0.5806451612903226,0.708,41,30,115.9,116.10000000000001
Adou Thiero,LAL,21.0,N/A,25,6.0,1.9,1.1,0.4,0.3,0.1,1.2,0.9,0.4,0.516,0.333,0.5,0.636,15,10,116.3,114.5
Ajay Mitchell,OKC,23.0,N/A,57,25.8,13.6,3.3,3.6,1.2,0.3,10.4,2.8,1.4,0.485,0.347,0.5336538461538461,0.87,50,7,119.0,107.9
Al Horford,GSW,39.0,N/A,45,21.5,8.3,4.9,2.6,0.7,1.1,7.2,0.6,0.9,0.426,0.361,0.5416666666666667,0.846,22,23,114.6,115.19999999999999
Alex Antetokounmpo,MIL,24.0,N/A,6,3.4,3.2,1.0,0.2,0.0,0.2,1.3,2.5,0.2,0.375,0.286,0.5,0.733,2,4,110.6,116.8
Alex Caruso,OKC,32.0,N/A,56,18.2,6.2,2.8,2.0,1.3,0.3,5.4,0.9,0.9,0.423,0.293,0.5092592592592592,0.804,47,9,119.0,107.9
Alex Morales,ORL,28.0,N/A,4,5.9,2.0,0.8,1.0,0.0,0.0,1.8,0.5,1.0,0.429,0.0,0.4444444444444445,1.0,3,1,115.7,115.10000000000001
Alex Sarr,WAS,20.0,N/A,48,27.2,16.3,7.4,2.7,0.8,2.0,13.7,3.0,1.7,0.482,0.333,0.5182481751824818,0.692,11,37,112.9,124.9
Alijah Martin,TOR,24.0,N/A,23,6.3,2.2,0.9,0.5,0.3,0.2,2.2,0.8,0.3,0.32,0.19,0.3636363636363636,0.789,10,13,114.6,111.8
Alondes Williams,WAS,26.0,N/A,4,25.2,11.0,6.3,3.0,0.8,0.8,6.5,2.0,1.3,0.615,0.357,0.7153846153846154,0.875,2,2,112.9,124.9
Alperen Sengun,HOU,23.0,N/A,72,33.3,20.4,8.9,6.2,1.2,1.1,15.6,5.2,3.2,0.519,0.305,0.5384615384615385,0.691,46,26,115.2,110.0
Amari Williams,BOS,24.0,N/A,22,6.6,1.4,1.8,0.5,0.1,0.5,0.9,0.6,0.5,0.5,0.0,0.5555555555555556,0.714,15,7,114.9,107.2
Amen Thompson,HOU,23.0,N/A,79,37.4,18.3,7.8,5.3,1.5,0.6,13.2,4.9,2.4,0.534,0.216,0.5492424242424243,0.779,49,30,115.2,110.0
Amir Coffey,PHX,28.0,N/A,46,10.7,3.2,1.2,0.6,0.2,0.1,2.5,0.6,0.2,0.487,0.347,0.5599999999999999,0.786,20,26,112.6,111.1
Andersson Garcia,UTA,25.0,N/A,5,33.8,5.2,8.4,2.8,1.6,0.8,5.8,1.8,1.4,0.31,0.077,0.32758620689655177,0.778,1,4,117.6,126.0
Andre Drummond,PHI,32.0,N/A,63,19.5,6.4,8.4,1.3,0.6,0.8,5.3,1.3,1.0,0.472,0.356,0.5188679245283019,0.631,33,30,115.9,116.10000000000001
Andre Jackson Jr.,MIL,24.0,N/A,48,8.5,2.4,1.5,0.9,0.4,0.1,2.5,0.7,0.6,0.328,0.25,0.38,0.625,12,36,110.6,116.8
Andrew Nembhard,IND,26.0,N/A,57,31.3,16.9,2.8,7.7,0.9,0.1,13.2,4.1,2.4,0.442,0.361,0.5113636363636364,0.825,13,44,112.4,120.4
Andrew Wiggins,MIA,31.0,N/A,68,30.3,15.4,4.8,2.7,1.1,1.0,12.1,2.4,1.5,0.475,0.414,0.5537190082644629,0.784,35,33,120.9,118.60000000000001
Anfernee Simons,CHI,26.0,N/A,55,24.9,14.3,2.5,2.4,0.5,0.1,11.8,1.4,1.2,0.44,0.385,0.5550847457627119,0.896,31,24,116.3,121.5
Anthony Black,ORL,22.0,N/A,64,29.8,15.0,3.8,3.7,1.4,0.7,12.1,3.6,2.1,0.447,0.333,0.5123966942148761,0.732,36,28,115.7,115.10000000000001
Anthony Davis,WAS,33.0,N/A,20,31.3,20.4,11.1,2.8,1.1,1.7,16.7,4.1,2.1,0.506,0.27,0.5239520958083833,0.728,10,10,112.9,124.9
Anthony Edwards,MIN,24.0,N/A,61,35.0,28.8,5.0,3.7,1.4,0.8,20.2,7.2,2.9,0.489,0.399,0.5742574257425742,0.796,37,24,118.0,114.6
Anthony Gill,WAS,33.0,N/A,55,17.3,5.8,2.9,1.3,0.6,0.4,3.9,0.8,0.7,0.628,0.354,0.6794871794871795,0.739,6,49,112.9,124.9
Antonio Reeves,CHA,25.0,N/A,10,6.8,2.7,0.8,0.3,0.1,0.0,2.0,0.0,0.1,0.5,0.538,0.675,0.0,4,6,116.0,111.2
Ariel Hukporti,NYK,24.0,N/A,54,9.2,2.2,2.9,0.5,0.2,0.5,1.5,0.6,0.6,0.563,0.25,0.5333333333333333,0.788,35,19,116.5,110.2
Asa Newell,ATL,20.0,N/A,44,11.4,5.2,2.2,0.6,0.4,0.3,3.8,0.7,0.5,0.538,0.387,0.6447368421052633,0.552,23,21,118.5,116.1
Ausar Thompson,DET,23.0,N/A,73,26.0,9.9,5.7,3.1,2.0,0.9,7.9,2.6,1.5,0.525,0.25,0.5379746835443038,0.571,53,20,117.8,109.6
Austin Reaves,LAL,27.0,N/A,51,34.5,23.3,4.7,5.5,1.1,0.4,14.9,7.3,3.0,0.49,0.36,0.5671140939597314,0.871,36,15,116.3,114.5
Ayo Dosunmu,MIN,26.0,N/A,69,27.3,14.8,3.4,3.6,0.8,0.3,10.8,2.1,1.4,0.517,0.439,0.6018518518518519,0.876,36,33,118.0,114.6
Bam Adebayo,MIA,28.0,N/A,73,32.4,20.1,10.0,3.2,1.2,0.7,15.7,5.8,1.6,0.442,0.318,0.49363057324840764,0.778,37,36,120.9,118.60000000000001
Baylor Scheierman,BOS,25.0,N/A,77,18.6,5.5,3.5,1.5,0.5,0.1,4.3,0.4,0.6,0.453,0.399,0.6162790697674418,0.903,54,23,114.9,107.2
Ben Saraf,BKN,20.0,N/A,44,20.8,7.5,2.1,3.3,0.9,0.2,6.9,2.0,2.3,0.396,0.211,0.4202898550724638,0.83,10,34,105.9,115.9
Ben Sheppard,IND,24.0,N/A,65,21.4,7.1,3.0,1.8,0.6,0.1,6.0,0.8,0.6,0.434,0.362,0.5416666666666666,0.765,16,49,112.4,120.4
Bennedict Mathurin,LAC,23.0,N/A,54,30.0,17.6,5.4,2.4,0.8,0.2,12.5,6.2,2.2,0.43,0.315,0.48800000000000004,0.869,22,32,113.8,112.7
Bez Mbeng,UTA,22.0,N/A,15,32.8,8.1,3.8,4.1,2.3,0.3,6.7,1.7,1.5,0.5,0.194,0.5223880597014925,0.64,2,13,117.6,126.0
Bilal Coulibaly,WAS,21.0,N/A,56,26.2,11.7,4.3,2.6,1.3,1.0,9.7,3.2,1.4,0.425,0.319,0.48453608247422675,0.746,14,42,112.9,124.9
Bismack Biyombo,SAS,33.0,N/A,25,5.7,0.9,1.0,0.2,0.2,0.1,0.6,0.3,0.3,0.6,0.0,0.6666666666666667,0.714,20,5,119.8,111.5
Blake Hinson,UTA,26.0,N/A,14,20.4,11.9,2.4,1.1,0.4,0.1,8.2,1.1,0.4,0.513,0.468,0.6707317073170732,0.75,4,10,117.6,126.0
Blake Wesley,POR,23.0,N/A,31,11.6,4.8,1.3,2.0,0.5,0.2,4.0,1.5,1.0,0.452,0.278,0.4875,0.553,20,11,115.5,115.8
Bobby Portis,MIL,31.0,N/A,67,24.2,13.7,6.4,1.6,0.6,0.2,11.2,1.0,1.0,0.488,0.456,0.5803571428571429,0.706,26,41,110.6,116.8
Bobi Klintman,DET,23.0,N/A,12,5.9,1.8,1.6,0.5,0.3,0.0,2.3,0.3,0.5,0.333,0.308,0.4130434782608696,0.0,8,4,117.8,109.6
Bogdan Bogdanović,LAC,33.0,N/A,23,19.7,7.4,2.6,2.2,0.4,0.1,6.6,1.1,1.2,0.388,0.347,0.5,0.8,8,15,113.8,112.7
Bones Hyland,MIN,25.0,N/A,71,16.6,8.5,1.8,2.6,0.6,0.2,6.6,1.2,1.0,0.453,0.388,0.5757575757575758,0.78,42,29,118.0,114.6
Bradley Beal,LAC,32.0,N/A,6,20.2,8.2,0.8,1.7,0.5,0.0,8.0,1.3,1.5,0.375,0.368,0.45,0.75,2,4,113.8,112.7
Branden Carlson,OKC,26.0,N/A,42,11.6,5.8,3.0,0.7,0.2,0.6,4.4,0.6,0.4,0.527,0.36,0.6022727272727272,0.577,32,10,119.0,107.9
Brandin Podziemski,GSW,23.0,N/A,82,28.4,13.8,5.1,3.7,1.1,0.2,10.6,2.9,1.6,0.455,0.371,0.5424528301886793,0.797,37,45,114.6,115.19999999999999
Brandon Clarke,MEM,29.0,N/A,2,10.2,4.0,3.0,0.5,1.0,0.0,4.5,2.0,0.0,0.333,0.0,0.3333333333333333,0.5,1,1,114.7,120.7
Brandon Ingram,TOR,28.0,N/A,77,33.8,21.5,5.6,3.7,0.8,0.7,16.7,4.6,2.4,0.477,0.382,0.532934131736527,0.82,43,34,114.6,111.8
Brandon Miller,CHA,23.0,N/A,65,30.3,20.2,4.9,3.3,1.0,0.7,16.1,3.4,2.5,0.435,0.383,0.531055900621118,0.892,41,24,116.0,111.2
Brandon Williams,DAL,26.0,N/A,66,22.2,13.0,2.9,3.9,0.9,0.3,9.3,4.6,1.9,0.472,0.232,0.5,0.793,23,43,114.1,119.6
Brice Sensabaugh,UTA,22.0,N/A,75,23.5,14.9,3.1,1.9,0.7,0.2,11.4,2.7,1.7,0.46,0.367,0.5614035087719298,0.826,18,57,117.6,126.0
Bronny James,LAL,21.0,N/A,42,8.9,2.9,0.5,1.2,0.5,0.1,2.7,0.2,0.6,0.409,0.386,0.5,0.857,24,18,116.3,114.5
Brook Lopez,LAC,38.0,N/A,75,21.8,8.5,3.6,1.3,0.6,1.2,7.2,1.0,0.8,0.428,0.36,0.5347222222222222,0.757,41,34,113.8,112.7
Brooks Barnhizer,OKC,24.0,N/A,40,8.7,1.7,2.0,0.6,0.3,0.1,1.8,0.3,0.3,0.38,0.292,0.4444444444444444,0.7,29,11,119.0,107.9
Bruce Brown,DEN,29.0,N/A,82,24.4,7.9,3.9,2.1,1.0,0.2,6.4,1.5,1.1,0.475,0.385,0.5234375,0.762,54,28,122.1,117.0
Bryce McGowens,NOP,23.0,N/A,42,21.0,8.1,2.1,1.5,0.6,0.2,5.6,2.3,0.4,0.481,0.409,0.5625000000000001,0.779,14,28,115.5,120.0
Bub Carrington,WAS,20.0,N/A,82,27.7,10.7,3.4,4.6,0.6,0.2,9.0,1.4,2.3,0.424,0.408,0.5388888888888889,0.73,17,65,112.9,124.9
Buddy Boeheim,OKC,26.0,N/A,4,3.8,1.5,0.0,0.0,0.0,0.0,1.5,0.0,0.0,0.333,0.333,0.5,0.0,2,2,119.0,107.9
Buddy Hield,ATL,33.0,N/A,51,16.1,7.6,2.3,1.4,0.8,0.2,6.4,0.7,0.9,0.437,0.349,0.5546874999999999,0.811,25,26,118.5,116.1
CJ Huntley,PHX,24.0,N/A,4,10.1,3.0,1.3,0.5,0.3,0.0,2.8,0.0,0.0,0.545,0.0,0.5357142857142857,0.0,3,1,112.6,111.1
CJ McCollum,ATL,34.0,N/A,76,29.8,18.7,3.3,3.9,0.8,0.5,15.2,3.1,1.8,0.455,0.375,0.5361842105263158,0.772,37,39,118.5,116.1
Cade Cunningham,DET,24.0,N/A,64,33.9,23.9,5.5,9.9,1.4,0.8,18.6,6.0,3.7,0.461,0.342,0.5161290322580645,0.812,47,17,117.8,109.6
Caleb Houstan,ATL,23.0,N/A,18,4.2,2.3,0.6,0.2,0.1,0.1,1.4,0.2,0.2,0.538,0.524,0.7857142857142858,1.0,12,6,118.5,116.1
Caleb Love,POR,24.0,N/A,49,20.7,10.4,2.3,2.5,0.6,0.1,10.0,1.0,1.3,0.388,0.318,0.485,0.735,24,25,115.5,115.8
Caleb Martin,DAL,30.0,N/A,58,14.8,3.9,2.5,1.4,0.7,0.3,3.3,1.1,0.7,0.45,0.351,0.5,0.607,20,38,114.1,119.6
Cam Christie,LAC,20.0,N/A,55,8.7,2.8,1.4,0.6,0.3,0.1,2.5,0.9,0.4,0.381,0.245,0.44000000000000006,0.76,26,29,113.8,112.7
Cam Spencer,MEM,26.0,N/A,72,23.8,11.1,2.5,5.6,0.7,0.2,7.7,1.9,1.3,0.473,0.449,0.6103896103896104,0.94,23,49,114.7,120.7
Cam Thomas,MIL,24.0,N/A,42,21.0,13.5,1.7,2.6,0.2,0.1,11.0,4.0,1.8,0.41,0.31,0.4636363636363636,0.811,12,30,110.6,116.8
Cam Whitmore,WAS,21.0,N/A,21,16.9,9.2,2.8,0.7,0.7,0.4,8.0,1.5,0.9,0.456,0.286,0.5125000000000001,0.742,3,18,112.9,124.9
Cameron Johnson,DEN,30.0,N/A,54,30.5,12.2,3.8,2.4,0.7,0.4,8.8,2.1,0.9,0.48,0.43,0.5909090909090908,0.839,37,17,122.1,117.0
Cameron Payne,PHI,31.0,N/A,22,17.0,7.4,2.0,2.6,1.1,0.3,6.8,1.0,0.5,0.376,0.33,0.47794117647058826,0.864,12,10,115.9,116.10000000000001
Caris LeVert,DET,31.0,N/A,60,19.2,7.4,2.0,2.7,0.9,0.7,6.5,1.4,1.4,0.417,0.333,0.49230769230769234,0.679,44,16,117.8,109.6
Carter Bryant,SAS,20.0,N/A,71,11.5,4.2,2.5,0.7,0.2,0.3,3.7,0.6,0.5,0.408,0.335,0.5,0.714,56,15,119.8,111.5
Cason Wallace,OKC,22.0,N/A,77,26.6,8.6,3.1,2.6,1.9,0.4,7.6,0.9,0.9,0.432,0.351,0.5197368421052632,0.809,61,16,119.0,107.9
Cedric Coward,MEM,22.0,N/A,62,25.8,13.6,5.9,2.8,0.6,0.4,10.5,2.7,1.7,0.471,0.338,0.5380952380952382,0.843,20,42,114.7,120.7
Chaney Johnson,BKN,23.0,N/A,17,20.4,8.2,4.6,2.1,0.9,0.5,5.5,2.1,1.2,0.543,0.3,0.5909090909090909,0.8,4,13,105.9,115.9
Charles Bassey,GSW,25.0,N/A,13,11.7,5.8,4.4,0.5,0.3,0.8,3.6,1.5,0.5,0.66,0.0,0.6666666666666666,0.7,4,9,114.6,115.19999999999999
Chaz Lanier,DET,24.0,N/A,34,7.7,2.4,0.7,0.5,0.2,0.0,2.6,0.2,0.1,0.315,0.284,0.4230769230769231,0.833,28,6,117.8,109.6
Chet Holmgren,OKC,23.0,N/A,69,28.9,17.1,8.9,1.7,0.6,1.9,11.3,4.1,1.6,0.557,0.362,0.6150442477876106,0.792,56,13,119.0,107.9
Chris Boucher,BOS,33.0,N/A,9,10.5,2.3,2.0,0.3,0.6,0.8,2.8,0.4,0.1,0.32,0.133,0.35714285714285715,0.75,4,5,114.9,107.2
Chris Livingston,CLE,22.0,N/A,3,5.8,3.0,1.0,0.3,0.3,0.0,2.3,0.3,0.0,0.571,0.0,0.5652173913043479,1.0,2,1,119.5,115.4
Chris Mañon,LAL,24.0,N/A,9,5.1,0.8,1.1,0.3,0.6,0.2,0.7,0.4,0.1,0.333,0.0,0.28571428571428575,0.75,4,5,116.3,114.5
Chris Paul,LAC,40.0,N/A,16,14.2,2.9,1.8,3.3,0.7,0.0,3.5,0.1,1.0,0.321,0.333,0.4,0.5,4,12,113.8,112.7
Chris Youngblood,POR,24.0,N/A,34,5.4,2.1,0.8,0.4,0.1,0.1,1.9,0.3,0.1,0.349,0.333,0.4473684210526316,0.9,29,5,115.5,115.8
Christian Braun,DEN,25.0,N/A,44,31.8,12.0,4.8,2.7,0.7,0.3,8.8,2.3,1.0,0.519,0.301,0.5795454545454545,0.782,29,15,122.1,117.0
Christian Koloko,ATL,25.0,N/A,27,13.2,2.7,3.0,0.7,0.5,0.9,2.7,0.6,0.6,0.419,0.111,0.40740740740740744,0.667,16,11,118.5,116.1
Chucky Hepburn,TOR,23.0,N/A,2,6.6,0.0,0.5,1.0,0.5,0.0,3.0,0.0,0.5,0.0,0.0,0.0,0.0,0,2,114.6,111.8
Clint Capela,HOU,31.0,N/A,75,12.3,3.8,4.6,0.7,0.5,0.8,3.0,1.0,0.5,0.52,0.5,0.5333333333333333,0.577,47,28,115.2,110.0
Coby White,CHA,26.0,N/A,50,25.0,17.4,3.4,4.0,0.5,0.1,12.5,4.8,2.6,0.446,0.362,0.54,0.817,29,21,116.0,111.2
Cody Martin,IND,30.0,N/A,4,13.8,1.8,3.5,0.5,1.0,0.5,2.5,1.5,1.0,0.2,0.0,0.2,0.5,0,4,112.4,120.4
Cody Williams,UTA,21.0,N/A,67,24.3,8.8,3.0,2.0,0.8,0.4,7.6,1.8,1.1,0.468,0.214,0.5000000000000001,0.706,16,51,117.6,126.0
Colby Jones,DET,23.0,N/A,1,6.8,2.0,4.0,2.0,0.0,0.0,3.0,0.0,0.0,0.333,0.0,0.3333333333333333,0.0,0,1,117.8,109.6
Cole Anthony,MIL,25.0,N/A,35,15.0,6.7,2.5,3.5,0.6,0.3,6.6,0.7,1.9,0.424,0.306,0.46969696969696967,0.615,12,23,110.6,116.8
Colin Castleton,ORL,25.0,N/A,4,5.3,1.3,2.0,0.3,0.3,0.0,1.3,0.3,0.5,0.4,0.0,0.3846153846153846,1.0,3,1,115.7,115.10000000000001
Collin Gillespie,PHX,26.0,N/A,80,28.5,12.7,4.1,4.6,1.2,0.2,10.5,1.1,1.6,0.418,0.401,0.5571428571428572,0.874,43,37,112.6,111.1
Collin Murray-Boyles,TOR,20.0,N/A,57,21.9,8.5,5.0,1.9,0.9,0.9,6.0,1.9,1.0,0.579,0.34,0.6083333333333333,0.657,31,26,114.6,111.8
Collin Sexton,CHI,27.0,N/A,68,23.7,15.4,2.3,3.3,1.1,0.1,10.9,3.8,2.1,0.485,0.401,0.5596330275229358,0.855,25,43,116.3,121.5
Cooper Flagg,DAL,19.0,N/A,70,33.5,21.0,6.7,4.5,1.2,0.9,17.1,4.9,2.3,0.468,0.295,0.49707602339181284,0.827,22,48,114.1,119.6
Corey Kispert,ATL,27.0,N/A,58,18.6,9.2,2.3,1.6,0.3,0.2,6.8,1.7,0.8,0.467,0.367,0.5808823529411765,0.794,27,31,118.5,116.1
Cormac Ryan,MIL,27.0,N/A,11,24.6,14.3,2.5,1.7,1.0,0.3,9.3,2.4,1.5,0.52,0.458,0.6505376344086021,0.923,2,9,110.6,116.8
Craig Porter Jr.,CLE,26.0,N/A,64,17.9,4.5,3.4,3.2,0.9,0.6,4.0,0.6,0.9,0.45,0.355,0.5125,0.6,43,21,119.5,115.4
Curtis Jones,DEN,24.0,N/A,10,8.8,2.9,1.1,1.0,0.4,0.0,2.7,0.2,0.2,0.407,0.333,0.5185185185185185,0.5,8,2,122.1,117.0
D'Angelo Russell,WAS,30.0,N/A,26,19.0,10.2,2.3,4.0,0.5,0.1,8.9,2.3,1.9,0.405,0.295,0.47752808988764045,0.717,9,17,112.9,124.9
DaQuan Jeffries,SAC,28.0,N/A,3,20.0,10.3,1.7,0.3,0.7,0.0,6.3,1.7,0.0,0.579,0.444,0.6904761904761906,1.0,0,3,111.0,121.0
DaRon Holmes II,DEN,23.0,N/A,25,8.4,3.7,1.4,0.6,0.0,0.2,2.4,0.6,0.5,0.508,0.444,0.6666666666666667,0.786,17,8,122.1,117.0
Daeqwon Plowden,SAC,27.0,N/A,32,26.4,10.8,3.0,1.3,0.7,0.2,8.7,1.5,0.8,0.43,0.333,0.5459770114942529,0.857,9,23,111.0,121.0
Dalano Banton,BOS,26.0,N/A,6,10.3,2.0,0.8,1.8,0.3,0.8,2.0,0.7,1.3,0.333,0.0,0.35,1.0,4,2,114.9,107.2
Dalen Terry,PHI,23.0,N/A,48,11.5,3.7,1.8,1.4,0.6,0.3,3.2,0.6,0.5,0.439,0.364,0.5156249999999999,0.533,22,26,115.9,116.10000000000001
Dalton Knecht,LAL,24.0,N/A,54,10.2,4.2,1.4,0.4,0.2,0.2,3.5,0.4,0.4,0.455,0.342,0.5571428571428572,0.727,34,20,116.3,114.5
Daniel Gafford,DAL,27.0,N/A,55,21.7,9.5,6.9,1.1,0.8,1.3,5.7,2.9,1.1,0.655,0.0,0.6666666666666666,0.683,12,43,114.1,119.6
Daniss Jenkins,DET,24.0,N/A,72,20.2,9.3,2.3,3.9,0.9,0.2,7.9,2.2,1.6,0.408,0.374,0.46835443037974683,0.832,54,18,117.8,109.6
Danny Wolf,BKN,21.0,N/A,57,20.8,8.9,4.9,2.2,0.5,0.6,7.7,1.9,1.3,0.405,0.322,0.4805194805194805,0.771,14,43,105.9,115.9
Dario Saric,SAC,32.0,N/A,5,8.2,1.0,1.2,0.4,0.0,0.0,1.2,0.4,0.4,0.167,0.333,0.25000000000000006,1.0,1,4,111.0,121.0
Dariq Whitehead,MEM,21.0,N/A,6,30.5,16.3,4.0,1.5,0.7,0.0,15.5,1.2,1.7,0.398,0.317,0.503225806451613,0.714,0,6,114.7,120.7
Darius Brown,CLE,26.0,N/A,1,2.7,0.0,1.0,0.0,0.0,0.0,1.0,0.0,0.0,0.0,0.0,0.0,0.0,1,0,119.5,115.4
Darius Garland,LAC,26.0,N/A,45,29.9,18.8,2.4,6.7,1.0,0.2,14.9,2.7,2.9,0.46,0.396,0.5536912751677853,0.861,26,19,113.8,112.7
David Jones Garcia,SAS,24.0,N/A,11,6.2,2.9,1.2,1.6,0.5,0.1,2.3,0.5,0.5,0.52,0.6,0.5869565217391304,0.5,7,4,119.8,111.5
David Roddy,DEN,25.0,N/A,5,14.6,8.0,4.0,0.8,0.8,0.2,6.0,1.4,0.4,0.5,0.273,0.5499999999999999,1.0,4,1,122.1,117.0
Davion Mitchell,MIA,27.0,N/A,70,28.6,9.3,2.7,6.5,1.0,0.2,7.6,0.9,1.5,0.49,0.395,0.5723684210526316,0.646,37,33,120.9,118.60000000000001
Day'Ron Sharpe,BKN,24.0,N/A,62,18.7,8.7,6.7,2.3,1.1,0.4,5.7,2.5,1.7,0.601,0.231,0.6228070175438596,0.678,17,45,105.9,115.9
De'Aaron Fox,SAS,28.0,N/A,72,31.0,18.6,3.8,6.2,1.2,0.3,14.5,3.4,2.3,0.486,0.332,0.5517241379310345,0.76,55,17,119.8,111.5
De'Andre Hunter,SAC,28.0,N/A,45,26.1,13.7,4.1,2.0,0.7,0.1,11.1,3.2,1.7,0.415,0.305,0.4909909909909909,0.867,24,21,111.0,121.0
De'Anthony Melton,GSW,27.0,N/A,49,23.0,12.3,3.2,2.6,1.6,0.4,10.8,2.5,1.9,0.407,0.294,0.47685185185185186,0.826,22,27,114.6,115.19999999999999
DeAndre Jordan,NOP,37.0,N/A,12,16.6,4.4,6.3,0.9,0.3,0.8,2.7,1.4,0.8,0.656,0.0,0.6666666666666666,0.647,6,6,115.5,120.0
DeJon Jarreau,MEM,28.0,N/A,11,21.0,8.0,4.6,3.3,0.9,0.7,7.5,2.1,2.4,0.398,0.133,0.4266666666666667,0.783,2,9,114.7,120.7
DeMar DeRozan,SAC,36.0,N/A,77,31.2,18.4,2.9,4.1,1.0,0.3,13.1,5.6,1.2,0.497,0.32,0.5190839694656488,0.868,20,57,111.0,121.0
Dean Wade,CLE,29.0,N/A,59,22.3,5.8,4.2,1.5,0.7,0.4,4.7,0.6,0.3,0.439,0.362,0.574468085106383,0.711,36,23,119.5,115.4
Deandre Ayton,LAL,27.0,N/A,72,27.2,12.5,8.0,0.8,0.6,1.0,8.3,2.0,1.2,0.671,0.0,0.6746987951807228,0.645,46,26,116.3,114.5
Dejounte Murray,NOP,29.0,N/A,14,27.8,16.7,5.4,6.4,1.6,0.2,13.0,3.2,3.4,0.484,0.306,0.5384615384615384,0.867,5,9,115.5,120.0
Deni Avdija,POR,25.0,N/A,66,33.3,24.2,6.9,6.7,0.8,0.6,16.1,9.2,3.8,0.462,0.318,0.5248447204968943,0.802,35,31,115.5,115.8
Dennis Schröder,CLE,32.0,N/A,70,24.2,10.8,2.7,4.9,0.8,0.2,9.0,2.9,1.8,0.405,0.329,0.46111111111111114,0.834,29,41,119.5,115.4
Dereck Lively II,DAL,22.0,N/A,7,16.5,4.3,5.3,1.9,0.6,1.6,2.6,1.4,1.4,0.611,0.0,0.6153846153846154,0.8,3,4,114.1,119.6
Derik Queen,NOP,21.0,N/A,81,25.0,11.7,7.1,3.7,1.0,0.9,9.2,3.4,2.3,0.473,0.261,0.4945652173913045,0.795,26,55,115.5,120.0
Derrick Jones Jr.,LAC,29.0,N/A,50,27.0,10.1,3.5,1.4,0.9,1.0,7.6,1.9,0.8,0.499,0.359,0.5723684210526315,0.763,26,24,113.8,112.7
Derrick White,BOS,31.0,N/A,77,34.1,16.5,4.4,5.4,1.1,1.3,14.4,2.6,1.7,0.394,0.327,0.48958333333333337,0.902,52,25,114.9,107.2
Desmond Bane,ORL,27.0,N/A,82,33.6,20.1,4.1,4.1,1.0,0.5,14.7,4.2,2.0,0.484,0.391,0.5510204081632654,0.908,45,37,115.7,115.10000000000001
Devin Booker,PHX,29.0,N/A,64,33.5,26.1,3.9,6.0,0.8,0.3,18.7,8.1,3.1,0.456,0.33,0.5053475935828877,0.873,37,27,112.6,111.1
Devin Carter,SAC,24.0,N/A,38,18.4,8.9,3.3,2.7,0.9,0.2,7.7,2.5,1.4,0.414,0.263,0.4675324675324675,0.713,8,30,111.0,121.0
Devin Vassell,SAS,25.0,N/A,67,30.5,13.9,4.0,2.5,0.9,0.4,11.3,1.9,0.9,0.437,0.384,0.5442477876106194,0.815,52,15,119.8,111.5
Dillon Brooks,PHX,30.0,N/A,56,30.4,20.2,3.6,1.8,1.0,0.2,17.1,3.6,1.8,0.435,0.344,0.5,0.842,32,24,112.6,111.1
Dillon Jones,NYK,24.0,N/A,7,5.6,1.3,1.0,0.6,0.4,0.0,1.3,0.6,0.0,0.222,0.2,0.2692307692307692,1.0,5,2,116.5,110.2
Domantas Sabonis,SAC,29.0,N/A,19,29.7,15.8,11.4,4.1,0.9,0.2,11.6,4.1,2.7,0.543,0.185,0.5560344827586208,0.727,3,16,111.0,121.0
Dominick Barlow,PHI,22.0,N/A,71,23.8,7.7,4.8,1.2,0.9,0.7,5.6,1.8,0.8,0.539,0.256,0.5625,0.718,40,31,115.9,116.10000000000001
Donovan Clingan,POR,22.0,N/A,77,27.2,12.1,11.6,2.1,0.6,1.7,8.9,2.6,1.2,0.52,0.341,0.5786516853932584,0.68,41,36,115.5,115.8
Donovan Mitchell,CLE,29.0,N/A,70,33.5,27.9,4.5,5.7,1.5,0.3,20.0,6.1,2.8,0.483,0.364,0.565,0.865,45,25,119.5,115.4
Donte DiVincenzo,MIN,29.0,N/A,82,30.4,12.2,4.1,3.8,1.3,0.4,10.2,1.3,1.4,0.406,0.379,0.5490196078431373,0.743,49,33,118.0,114.6
Dorian Finney-Smith,HOU,32.0,N/A,37,16.8,3.3,2.5,1.0,0.4,0.2,3.6,0.2,0.6,0.333,0.27,0.43055555555555547,0.889,23,14,115.2,110.0
Doug McDermott,SAC,34.0,N/A,29,15.1,5.7,1.3,0.8,0.2,0.1,4.8,0.3,0.4,0.388,0.39,0.5729166666666667,0.889,8,21,111.0,121.0
Drake Powell,BKN,20.0,N/A,63,20.9,6.5,1.8,1.4,0.6,0.2,5.7,1.2,1.0,0.402,0.28,0.4736842105263157,0.896,16,47,105.9,115.9
Draymond Green,GSW,36.0,N/A,68,27.5,8.4,5.5,5.5,0.9,0.6,7.2,1.2,2.7,0.418,0.326,0.5208333333333334,0.702,31,37,114.6,115.19999999999999
Drew Eubanks,SAC,29.0,N/A,42,13.1,5.2,3.0,0.5,0.4,0.6,3.7,1.4,0.7,0.596,0.143,0.5945945945945946,0.561,10,32,111.0,121.0
Drew Peterson,CHA,26.0,N/A,6,10.7,0.8,1.5,0.3,0.5,0.2,2.7,0.3,0.0,0.125,0.0,0.1111111111111111,0.5,1,5,116.0,111.2
Drew Timme,LAL,25.0,N/A,27,8.7,3.4,1.2,0.9,0.2,0.0,2.4,0.3,0.5,0.576,0.44,0.6666666666666666,0.556,18,9,116.3,114.5
Dru Smith,MIA,28.0,N/A,70,16.3,5.6,2.5,2.6,1.4,0.3,4.6,1.5,0.8,0.415,0.295,0.4673913043478261,0.829,38,32,120.9,118.60000000000001
Duncan Robinson,DET,31.0,N/A,77,27.4,12.2,2.7,2.1,0.6,0.3,9.1,1.4,0.7,0.456,0.41,0.6098901098901099,0.755,58,19,117.8,109.6
Duop Reath,POR,29.0,N/A,32,8.1,2.9,1.2,0.3,0.2,0.3,2.3,0.2,0.2,0.446,0.418,0.5869565217391305,0.833,16,16,115.5,115.8
Dwight Powell,DAL,34.0,N/A,63,14.4,3.3,4.1,1.1,0.5,0.3,1.6,1.8,0.7,0.644,0.286,0.625,0.696,19,44,114.1,119.6
Dylan Cardwell,SAC,24.0,N/A,44,20.6,5.4,7.5,1.4,0.7,1.5,4.1,1.2,0.9,0.587,0.5,0.5853658536585367,0.51,13,31,111.0,121.0
Dylan Harper,SAS,20.0,N/A,69,22.6,11.8,3.4,3.9,0.8,0.3,9.5,1.7,1.4,0.505,0.343,0.5526315789473685,0.756,53,16,119.8,111.5
Dyson Daniels,ATL,23.0,N/A,76,33.2,11.9,6.8,5.9,2.0,0.4,10.2,1.6,1.8,0.517,0.188,0.5343137254901962,0.615,44,32,118.5,116.1
E.J. Liddell,BKN,25.0,N/A,26,13.4,5.7,2.7,0.9,0.2,0.4,4.3,1.0,0.6,0.486,0.346,0.5697674418604651,0.808,5,21,105.9,115.9
Egor Dëmin,BKN,20.0,N/A,52,25.2,10.3,3.2,3.3,0.8,0.3,8.6,1.3,1.7,0.399,0.385,0.5348837209302325,0.831,14,38,105.9,115.9
Elijah Harkless,UTA,26.0,N/A,26,21.0,6.8,2.0,2.9,1.2,0.2,6.2,2.5,1.0,0.335,0.239,0.4032258064516129,0.766,5,21,117.6,126.0
Emanuel Miller,SAS,25.0,N/A,5,6.6,3.0,0.6,0.8,0.4,0.0,2.6,0.4,0.0,0.462,0.333,0.5384615384615384,0.5,0,5,119.8,111.5
Enrique Freeman,MIN,25.0,N/A,4,9.3,3.3,2.5,0.5,0.5,0.8,2.0,1.0,0.5,0.5,0.5,0.625,0.75,3,1,118.0,114.6
Eric Gordon,PHI,37.0,N/A,6,12.3,5.5,0.3,0.5,0.7,0.2,3.5,0.3,0.5,0.571,0.571,0.7571428571428571,0.5,3,3,115.9,116.10000000000001
Ethan Thompson,IND,26.0,N/A,32,20.4,7.0,2.2,1.8,0.6,0.3,6.1,1.5,0.8,0.378,0.328,0.4754098360655738,0.787,8,24,112.4,120.4
Evan Mobley,CLE,24.0,N/A,65,31.9,18.2,9.0,3.6,0.7,1.7,13.2,4.6,1.9,0.546,0.297,0.5833333333333334,0.606,40,25,119.5,115.4
Franz Wagner,ORL,24.0,N/A,34,30.0,20.6,5.2,3.3,0.9,0.3,14.9,5.8,1.7,0.481,0.345,0.5302013422818792,0.823,20,14,115.7,115.10000000000001
GG Jackson,MEM,21.0,N/A,55,21.4,12.5,4.3,1.5,0.6,0.8,9.3,2.7,1.5,0.496,0.332,0.5591397849462364,0.742,16,39,114.7,120.7
Gabe Vincent,ATL,29.0,N/A,53,16.6,4.4,1.0,1.4,0.5,0.1,4.1,0.4,0.5,0.352,0.341,0.475609756097561,0.87,36,17,118.5,116.1
Garrett Temple,TOR,39.0,N/A,22,3.3,0.8,0.4,0.4,0.2,0.1,0.7,0.4,0.3,0.267,0.25,0.35714285714285715,0.667,10,12,114.6,111.8
Garrison Mathews,IND,29.0,N/A,15,13.1,5.2,1.1,0.7,0.4,0.2,3.5,1.5,0.2,0.404,0.37,0.5571428571428572,0.826,4,11,112.4,120.4
Gary Harris,MIL,31.0,N/A,48,13.8,2.7,1.3,1.1,0.6,0.2,2.2,0.2,0.4,0.442,0.412,0.5909090909090908,0.889,15,33,110.6,116.8
Gary Payton II,GSW,33.0,N/A,73,15.6,7.5,3.6,1.7,0.9,0.3,5.7,0.5,0.8,0.583,0.291,0.6228070175438596,0.65,33,40,114.6,115.19999999999999
Gary Trent Jr.,MIL,27.0,N/A,65,21.2,8.1,1.0,1.2,0.5,0.0,7.3,0.8,0.6,0.387,0.36,0.5136986301369864,0.769,24,41,110.6,116.8
Giannis Antetokounmpo,MIL,31.0,N/A,36,28.9,27.6,9.8,5.4,0.9,0.7,16.6,9.9,3.2,0.624,0.333,0.6385542168674698,0.65,17,19,110.6,116.8
Goga Bitadze,ORL,26.0,N/A,64,15.2,5.9,5.0,1.3,0.6,1.0,3.5,1.5,0.7,0.676,0.182,0.6857142857142857,0.711,34,30,115.7,115.10000000000001
Gradey Dick,TOR,22.0,N/A,76,14.0,6.0,1.9,0.7,0.6,0.1,5.1,1.2,0.6,0.419,0.301,0.48039215686274517,0.875,43,33,114.6,111.8
Grant Nelson,BKN,24.0,N/A,4,8.8,4.3,1.5,1.3,0.3,1.3,2.3,2.5,1.0,0.556,0.0,0.5652173913043479,0.7,0,4,105.9,115.9
Grant Williams,CHA,27.0,N/A,36,19.8,7.0,3.9,1.6,0.5,0.5,5.1,1.5,0.9,0.426,0.388,0.5686274509803922,0.815,25,11,116.0,111.2
Grayson Allen,PHX,30.0,N/A,51,28.8,16.5,3.0,3.8,1.4,0.3,13.1,3.3,1.6,0.403,0.349,0.5229007633587787,0.857,26,25,112.6,111.1
Guerschon Yabusele,CHI,30.0,N/A,67,15.0,5.6,3.5,0.9,0.4,0.2,4.7,1.1,0.6,0.401,0.352,0.5106382978723404,0.75,32,35,116.3,121.5
Gui Santos,GSW,23.0,N/A,68,20.5,9.2,3.9,2.3,0.9,0.3,6.8,1.8,1.5,0.5,0.351,0.5808823529411765,0.725,29,39,114.6,115.19999999999999
Harrison Barnes,SAS,33.0,N/A,77,25.8,9.9,2.8,1.9,0.6,0.2,7.5,1.6,0.8,0.456,0.388,0.5733333333333334,0.829,57,20,119.8,111.5
Harrison Ingram,SAS,23.0,N/A,7,3.7,1.6,0.4,0.1,0.0,0.0,0.9,0.0,0.1,0.833,1.0,0.8333333333333333,0.0,6,1,119.8,111.5
Hayden Gray,UTA,22.0,N/A,1,24.8,6.0,0.0,1.0,1.0,1.0,3.0,2.0,1.0,0.667,0.0,0.6666666666666666,1.0,0,1,117.6,126.0
Haywood Highsmith,PHX,29.0,N/A,7,13.0,5.4,1.9,1.0,0.6,0.0,3.3,1.0,0.0,0.522,0.571,0.6818181818181819,0.857,4,3,112.6,111.1
Herbert Jones,NOP,27.0,N/A,56,28.4,8.9,3.4,2.8,1.6,0.5,8.5,1.1,1.3,0.383,0.309,0.47058823529411764,0.806,22,34,115.5,120.0
Hugo González,BOS,20.0,N/A,74,14.6,3.9,3.3,0.5,0.6,0.3,3.3,0.4,0.5,0.476,0.362,0.5757575757575758,0.5,51,23,114.9,107.2
Hunter Dickinson,NOP,25.0,N/A,5,8.5,2.4,1.0,0.4,0.2,0.4,2.8,0.4,0.6,0.357,0.0,0.35714285714285715,1.0,1,4,115.5,120.0
Hunter Sallis,PHI,23.0,N/A,7,3.7,1.0,0.1,0.6,0.0,0.1,0.7,0.3,0.7,0.6,0.0,0.5714285714285715,0.5,3,4,115.9,116.10000000000001
Hunter Tyson,DEN,25.0,N/A,21,7.7,2.2,1.7,0.8,0.1,0.0,2.5,0.6,0.2,0.269,0.212,0.33999999999999997,0.846,15,6,122.1,117.0
Immanuel Quickley,TOR,26.0,N/A,70,31.9,16.4,4.0,5.9,1.3,0.1,12.9,3.0,1.5,0.443,0.374,0.5387596899224806,0.821,41,29,114.6,111.8
Isaac Jones,DET,25.0,N/A,7,5.1,1.3,0.7,0.1,0.0,0.1,1.0,0.6,0.1,0.429,0.0,0.4,0.75,5,2,117.8,109.6
Isaac Okoro,CHI,25.0,N/A,63,26.9,9.3,2.7,1.6,0.7,0.5,7.3,1.8,0.7,0.46,0.33,0.5342465753424658,0.795,26,37,116.3,121.5
Isaiah Collier,UTA,21.0,N/A,59,25.7,11.7,2.5,7.2,1.1,0.3,8.7,3.5,2.5,0.495,0.27,0.5229885057471264,0.722,16,43,117.6,126.0
Isaiah Crawford,HOU,24.0,N/A,14,6.6,2.0,1.1,0.4,0.1,0.2,1.7,0.4,0.3,0.417,0.231,0.47058823529411764,0.833,8,6,115.2,110.0
Isaiah Hartenstein,OKC,27.0,N/A,47,24.2,9.2,9.4,3.5,1.0,0.8,6.3,2.2,1.7,0.622,0.0,0.6190476190476191,0.61,39,8,119.0,107.9
Isaiah Jackson,LAC,24.0,N/A,55,16.5,6.7,5.3,0.9,0.7,0.9,4.3,1.9,1.1,0.637,0.0,0.6279069767441862,0.648,20,35,113.8,112.7
Isaiah Joe,OKC,26.0,N/A,71,21.2,11.1,2.5,1.3,0.7,0.2,7.6,1.7,0.6,0.455,0.423,0.625,0.894,56,15,119.0,107.9
Isaiah Livers,PHX,27.0,N/A,36,9.6,1.8,1.7,0.6,0.4,0.2,1.8,0.3,0.3,0.344,0.3,0.41666666666666663,0.75,21,15,112.6,111.1
Isaiah Stevens,SAC,25.0,N/A,3,14.3,3.3,1.0,3.3,1.7,0.0,2.3,1.3,0.7,0.429,0.0,0.4347826086956522,1.0,0,3,111.0,121.0
Isaiah Stewart,DET,24.0,N/A,58,22.7,10.0,5.0,1.1,0.3,1.6,6.9,2.3,1.2,0.55,0.333,0.6014492753623187,0.756,42,16,117.8,109.6
Ivica Zubac,IND,29.0,N/A,48,30.1,14.1,10.6,2.2,0.4,0.8,10.0,3.0,1.8,0.598,0.0,0.6,0.711,17,31,112.4,120.4
JD Davison,HOU,23.0,N/A,28,7.8,2.5,1.2,1.3,0.2,0.2,2.3,0.7,0.3,0.375,0.25,0.4565217391304348,0.684,23,5,115.2,110.0
Ja Morant,MEM,26.0,N/A,20,28.4,19.5,3.3,8.1,1.0,0.3,16.1,5.9,3.6,0.41,0.235,0.4409937888198757,0.897,7,13,114.7,120.7
Ja'Kobe Walter,TOR,21.0,N/A,72,20.5,7.5,2.6,1.2,1.0,0.2,5.6,1.3,0.5,0.446,0.409,0.5803571428571429,0.789,41,31,114.6,111.8
Jabari Smith Jr.,HOU,22.0,N/A,77,35.1,15.8,6.9,1.9,0.7,0.9,12.7,2.7,1.4,0.449,0.363,0.5393700787401575,0.775,48,29,115.2,110.0
Jabari Walker,PHI,23.0,N/A,64,11.9,4.3,3.0,0.5,0.4,0.2,3.3,1.1,0.4,0.455,0.337,0.5303030303030303,0.735,36,28,115.9,116.10000000000001
Jacob Toppin,ATL,25.0,N/A,5,3.4,1.6,0.2,0.2,0.0,0.2,1.2,0.0,0.0,0.667,0.0,0.6666666666666667,0.0,3,2,118.5,116.1
Jaden Hardy,WAS,23.0,N/A,57,15.8,9.2,1.5,1.0,0.3,0.1,7.5,1.3,1.1,0.424,0.397,0.5466666666666667,0.733,13,44,112.9,124.9
Jaden Ivey,CHI,24.0,N/A,37,18.1,8.5,2.5,1.8,0.6,0.4,6.9,1.3,1.1,0.445,0.373,0.5507246376811593,0.809,23,14,116.3,121.5
Jaden McDaniels,MIN,25.0,N/A,73,31.7,14.8,4.2,2.7,1.1,1.0,11.1,2.4,1.8,0.515,0.412,0.5765765765765766,0.835,44,29,118.0,114.6
Jae'Sean Tate,HOU,30.0,N/A,46,8.8,2.8,1.6,0.5,0.2,0.1,2.4,0.2,0.3,0.514,0.313,0.5416666666666667,0.636,33,13,115.2,110.0
Jahmai Mashack,MEM,23.0,N/A,31,21.7,6.2,2.6,2.2,1.2,0.5,6.3,1.1,1.6,0.395,0.253,0.4444444444444444,0.543,10,21,114.7,120.7
Jahmir Young,MIA,25.0,N/A,14,4.2,1.8,0.3,0.6,0.1,0.0,1.8,0.1,0.2,0.4,0.333,0.4444444444444444,1.0,10,4,120.9,118.60000000000001
Jahmyl Telfort,LAC,24.0,N/A,8,4.0,0.1,0.4,0.1,0.1,0.0,0.5,0.5,0.1,0.0,0.0,0.0,0.25,2,6,113.8,112.7
Jaime Jaquez Jr.,MIA,25.0,N/A,75,28.3,15.4,5.0,4.7,0.7,0.3,12.2,2.9,2.0,0.507,0.317,0.5409836065573771,0.769,41,34,120.9,118.60000000000001
Jake LaRavia,LAL,24.0,N/A,82,25.1,8.2,4.0,1.8,1.3,0.5,6.4,1.9,1.1,0.459,0.321,0.53125,0.763,53,29,116.3,114.5
Jakob Poeltl,TOR,30.0,N/A,46,25.0,10.7,7.0,2.0,0.9,0.7,6.7,2.1,1.2,0.7,0.0,0.7014925373134329,0.602,26,20,114.6,111.8
Jalen Brunson,NYK,29.0,N/A,74,35.0,26.0,3.3,6.8,0.8,0.1,19.9,5.7,2.4,0.467,0.369,0.5326633165829147,0.841,50,24,116.5,110.2
Jalen Duren,DET,22.0,N/A,70,28.2,19.5,10.5,2.0,0.8,0.8,11.5,6.1,1.9,0.65,0.0,0.6521739130434783,0.747,50,20,117.8,109.6
Jalen Green,PHX,24.0,N/A,32,25.9,17.8,3.6,2.8,1.1,0.3,16.0,2.7,2.3,0.422,0.313,0.49375,0.747,17,15,112.6,111.1
Jalen Johnson,ATL,24.0,N/A,72,35.2,22.5,10.3,7.9,1.2,0.4,17.1,5.3,3.4,0.489,0.352,0.5350877192982456,0.788,42,30,118.5,116.1
Jalen Pickett,DEN,26.0,N/A,50,16.1,5.2,2.3,2.3,0.3,0.1,4.6,0.4,0.7,0.422,0.386,0.5434782608695653,0.789,34,16,122.1,117.0
Jalen Slawson,IND,26.0,N/A,13,23.9,7.3,4.4,2.8,1.5,1.1,5.9,1.3,1.3,0.442,0.375,0.5423728813559322,0.706,3,10,112.4,120.4
Jalen Smith,CHI,26.0,N/A,53,20.7,10.2,6.7,1.2,0.5,0.8,7.6,1.8,1.0,0.483,0.373,0.5855263157894738,0.742,26,27,116.3,121.5
Jalen Suggs,ORL,24.0,N/A,57,27.6,13.8,3.9,5.5,1.8,0.7,11.4,2.1,2.7,0.435,0.339,0.5219298245614035,0.855,34,23,115.7,115.10000000000001
Jalen Williams,OKC,25.0,N/A,33,28.4,17.1,4.6,5.5,1.2,0.3,13.5,3.9,1.9,0.484,0.299,0.5074074074074074,0.837,25,8,119.0,107.9
Jalen Wilson,BKN,25.0,N/A,54,15.9,6.4,2.1,0.9,0.4,0.0,5.1,1.8,0.7,0.396,0.355,0.4901960784313726,0.719,10,44,105.9,115.9
Jamal Cain,ORL,27.0,N/A,40,12.1,5.4,2.0,0.7,0.3,0.1,3.8,1.2,0.5,0.487,0.384,0.5921052631578948,0.848,22,18,115.7,115.10000000000001
Jamal Murray,DEN,29.0,N/A,75,35.4,25.4,4.4,7.1,0.9,0.4,18.1,5.2,2.3,0.483,0.435,0.5773480662983426,0.887,48,27,122.1,117.0
Jamal Shead,TOR,23.0,N/A,82,22.6,6.6,1.7,5.4,0.9,0.2,6.1,1.4,1.4,0.367,0.321,0.45901639344262296,0.784,46,36,114.6,111.8
Jamaree Bouyea,PHX,26.0,N/A,46,14.0,5.7,1.8,1.8,0.6,0.3,5.1,0.8,0.7,0.458,0.295,0.5,0.686,23,23,112.6,111.1
James Harden,CLE,36.0,N/A,70,34.8,23.6,4.8,8.0,1.1,0.4,16.0,7.5,3.5,0.434,0.375,0.534375,0.884,40,30,119.5,115.4
James Wiseman,IND,25.0,N/A,4,14.6,3.3,2.0,0.8,0.0,0.3,2.5,0.5,1.3,0.6,0.0,0.6,0.5,0,4,112.4,120.4
Jamir Watkins,WAS,24.0,N/A,50,20.6,7.4,3.9,1.3,1.1,0.5,5.9,1.6,0.8,0.446,0.297,0.516949152542373,0.695,10,40,112.9,124.9
Jamison Battle,TOR,24.0,N/A,61,8.5,3.1,1.5,0.4,0.1,0.0,2.4,0.2,0.3,0.51,0.412,0.625,0.643,35,26,114.6,111.8
Jarace Walker,IND,22.0,N/A,76,25.7,11.6,5.1,2.5,0.8,0.3,9.6,2.4,1.8,0.419,0.374,0.5104166666666667,0.749,16,60,112.4,120.4
Jared McCain,OKC,22.0,N/A,67,17.3,8.3,2.0,1.3,0.5,0.1,7.2,0.9,0.8,0.425,0.385,0.5208333333333334,0.864,46,21,119.0,107.9
Jaren Jackson Jr.,UTA,26.0,N/A,48,30.3,19.4,5.7,2.0,1.1,1.4,15.0,4.2,2.2,0.476,0.357,0.5333333333333333,0.803,19,29,117.6,126.0
Jarred Vanderbilt,LAL,27.0,N/A,65,17.3,4.4,4.5,1.3,0.8,0.3,3.7,0.9,0.9,0.471,0.293,0.5135135135135135,0.589,39,26,116.3,114.5
Jarrett Allen,CLE,27.0,N/A,56,27.1,15.4,8.5,1.8,1.0,0.8,9.4,4.7,1.3,0.638,0.1,0.6382978723404255,0.709,37,19,119.5,115.4
Jase Richardson,ORL,20.0,N/A,54,10.9,4.4,1.2,1.1,0.4,0.0,3.5,0.9,0.5,0.473,0.354,0.5285714285714286,0.717,26,28,115.7,115.10000000000001
Javon Small,MEM,23.0,N/A,41,20.2,9.7,3.1,3.7,0.8,0.2,7.0,2.0,1.4,0.465,0.423,0.5785714285714285,0.829,13,28,114.7,120.7
Javonte Cooke,POR,26.0,N/A,19,4.9,1.2,1.0,0.4,0.3,0.0,2.2,0.1,0.5,0.22,0.13,0.2727272727272727,1.0,6,13,115.5,115.8
Javonte Green,DET,32.0,N/A,82,17.6,6.9,2.8,0.7,1.2,0.3,5.0,1.5,0.5,0.447,0.381,0.57,0.84,60,22,117.8,109.6
Jaxson Hayes,LAL,25.0,N/A,66,18.3,7.5,4.1,0.9,0.4,0.8,4.0,2.3,0.5,0.756,1.0,0.75,0.653,43,23,116.3,114.5
Jay Huff,IND,28.0,N/A,82,21.0,9.5,4.0,1.5,0.5,1.9,7.5,1.2,0.9,0.476,0.319,0.5666666666666667,0.828,19,63,112.4,120.4
Jaylen Brown,BOS,29.0,N/A,71,34.4,28.7,6.9,5.1,1.0,0.4,21.7,7.5,3.6,0.477,0.347,0.5253456221198157,0.795,47,24,114.9,107.2
Jaylen Clark,MIN,24.0,N/A,68,13.1,4.0,1.8,0.6,0.7,0.1,3.4,1.0,0.3,0.434,0.327,0.5147058823529412,0.657,40,28,118.0,114.6
Jaylen Wells,MEM,22.0,N/A,69,26.4,12.5,3.2,1.6,0.9,0.1,10.1,2.5,1.1,0.431,0.353,0.5297029702970297,0.784,24,45,114.7,120.7
Jaylin Williams,OKC,23.0,N/A,65,19.7,7.2,5.5,2.4,0.5,0.6,5.4,1.4,1.0,0.423,0.383,0.5648148148148148,0.793,54,11,119.0,107.9
Jaylon Tyson,CLE,23.0,N/A,66,26.9,13.2,5.1,2.2,0.8,0.4,10.2,1.6,1.5,0.493,0.446,0.5882352941176471,0.738,41,25,119.5,115.4
Jayson Kent,POR,24.0,N/A,5,4.5,2.0,1.0,0.0,0.2,0.2,1.4,0.2,0.0,0.571,0.25,0.6428571428571429,1.0,4,1,115.5,115.8
Jayson Tatum,BOS,28.0,N/A,16,32.6,21.8,10.0,5.3,1.4,0.2,17.9,4.9,2.4,0.411,0.329,0.49441340782122906,0.823,13,3,114.9,107.2
Jeff Green,HOU,39.0,N/A,30,5.8,2.2,0.8,0.3,0.1,0.1,2.3,0.2,0.1,0.368,0.273,0.4347826086956522,1.0,22,8,115.2,110.0
Jerami Grant,POR,32.0,N/A,57,29.7,18.6,3.5,2.1,0.7,0.6,12.8,5.6,2.1,0.453,0.389,0.546875,0.814,27,30,115.5,115.8
Jeremiah Fears,NOP,19.0,N/A,82,25.8,14.3,3.7,3.4,1.2,0.4,12.3,3.0,2.2,0.434,0.33,0.4796747967479674,0.789,26,56,115.5,120.0
Jeremiah Robinson-Earl,DAL,25.0,N/A,22,16.4,4.6,4.7,0.7,0.4,0.0,4.5,0.8,0.5,0.37,0.244,0.43333333333333335,0.944,8,14,114.1,119.6
Jeremy Sochan,NYK,22.0,N/A,44,10.6,3.6,2.4,0.9,0.4,0.2,2.9,0.6,0.5,0.496,0.244,0.5689655172413793,0.731,30,14,116.5,110.2
Jericho Sims,MIL,27.0,N/A,67,19.7,5.0,5.5,1.6,0.3,0.3,2.8,1.1,1.1,0.784,0.0,0.7857142857142858,0.62,25,42,110.6,116.8
Jett Howard,ORL,22.0,N/A,55,12.6,5.5,1.6,0.8,0.2,0.2,4.6,0.7,0.3,0.418,0.372,0.5217391304347826,0.949,28,27,115.7,115.10000000000001
Jevon Carter,ORL,30.0,N/A,53,16.4,6.4,1.7,1.6,0.8,0.2,5.8,0.4,0.7,0.401,0.363,0.5258620689655172,0.789,26,27,115.7,115.10000000000001
Jimmy Butler III,GSW,36.0,N/A,38,31.1,20.0,5.6,4.9,1.4,0.2,12.2,7.6,1.6,0.519,0.376,0.5491803278688525,0.864,23,15,114.6,115.19999999999999
Joan Beringer,MIN,19.0,N/A,40,7.9,3.9,2.3,0.3,0.2,0.7,2.5,0.9,0.3,0.663,0.0,0.64,0.703,22,18,118.0,114.6
Jock Landale,ATL,30.0,N/A,68,22.1,10.6,5.7,1.7,0.5,0.5,8.1,1.9,0.9,0.515,0.383,0.5740740740740741,0.635,36,32,118.5,116.1
Joe Ingles,MIN,38.0,N/A,27,5.7,1.5,0.7,1.3,0.3,0.1,1.0,0.1,0.5,0.593,0.438,0.75,1.0,13,14,118.0,114.6
Joel Embiid,PHI,32.0,N/A,38,31.6,26.9,7.7,3.9,0.6,1.2,18.3,8.8,2.9,0.489,0.333,0.5300546448087431,0.854,24,14,115.9,116.10000000000001
John Collins,LAC,28.0,N/A,69,27.1,13.6,5.3,1.0,0.9,0.7,9.6,2.2,1.4,0.552,0.406,0.6197916666666667,0.766,32,37,113.8,112.7
John Konchar,UTA,30.0,N/A,56,19.9,4.4,4.3,2.1,1.5,0.7,3.6,0.8,0.6,0.472,0.283,0.5416666666666666,0.727,18,38,117.6,126.0
John Poulakidas,DAL,23.0,N/A,13,19.5,8.8,2.3,0.8,0.5,0.3,7.0,0.5,0.3,0.429,0.403,0.6,0.857,3,10,114.1,119.6
John Tonje,BOS,24.0,N/A,6,7.0,2.5,1.0,0.3,0.3,0.0,2.3,0.7,0.0,0.286,0.3,0.41304347826086957,1.0,5,1,114.9,107.2
Johni Broome,PHI,23.0,N/A,11,5.0,0.9,1.5,0.4,0.3,0.2,2.2,0.5,0.3,0.167,0.0,0.18181818181818182,0.333,5,6,115.9,116.10000000000001
Johnny Furphy,IND,21.0,N/A,35,18.4,5.1,4.4,1.2,0.6,0.2,4.3,1.0,0.8,0.47,0.324,0.5465116279069768,0.486,10,25,112.4,120.4
Johnny Juzang,MIN,25.0,N/A,21,4.2,2.0,0.8,0.3,0.1,0.0,1.8,0.4,0.2,0.421,0.25,0.5277777777777778,0.625,13,8,118.0,114.6
Jonas Valančiūnas,DEN,33.0,N/A,65,13.4,8.7,5.1,1.2,0.2,0.6,6.0,2.1,1.1,0.582,0.308,0.5916666666666667,0.772,42,23,122.1,117.0
Jonathan Isaac,ORL,28.0,N/A,52,10.0,2.6,2.5,0.4,0.4,0.6,2.1,1.1,0.3,0.422,0.184,0.4523809523809524,0.603,29,23,115.7,115.10000000000001
Jonathan Kuminga,ATL,23.0,N/A,36,23.1,12.2,5.6,2.3,0.6,0.3,9.4,3.4,1.9,0.463,0.333,0.5212765957446809,0.724,22,14,118.5,116.1
Jonathan Mogbo,TOR,24.0,N/A,40,6.2,1.5,1.7,0.6,0.3,0.2,1.1,0.4,0.4,0.591,0.0,0.6363636363636362,0.643,20,20,114.6,111.8
Jordan Clarkson,NYK,33.0,N/A,72,17.8,8.6,1.8,1.3,0.4,0.1,7.3,1.3,0.9,0.451,0.327,0.5205479452054794,0.83,45,27,116.5,110.2
Jordan Goodwin,PHX,27.0,N/A,70,22.5,8.7,4.9,2.2,1.5,0.2,7.9,0.8,1.0,0.413,0.371,0.5189873417721518,0.696,39,31,112.6,111.1
Jordan Hawkins,NOP,23.0,N/A,51,13.6,5.1,1.7,0.8,0.3,0.2,5.0,0.5,0.7,0.366,0.348,0.45,0.852,13,38,115.5,120.0
Jordan McLaughlin,SAS,30.0,N/A,44,6.4,2.0,0.7,0.9,0.5,0.0,1.8,0.2,0.3,0.418,0.425,0.5555555555555556,0.857,37,7,119.8,111.5
Jordan Miller,LAC,26.0,N/A,60,22.1,10.0,3.0,2.3,0.8,0.2,6.7,2.9,1.1,0.531,0.345,0.5671641791044776,0.777,36,24,113.8,112.7
Jordan Poole,NOP,26.0,N/A,39,23.9,13.4,2.0,3.1,0.6,0.4,11.4,2.9,1.8,0.372,0.333,0.4780701754385965,0.86,16,23,115.5,120.0
Jordan Walsh,BOS,22.0,N/A,68,17.8,5.4,4.0,0.8,0.7,0.5,3.9,0.8,0.5,0.509,0.384,0.6025641025641026,0.772,46,22,114.9,107.2
Jose Alvarado,NYK,28.0,N/A,69,19.9,7.4,2.5,3.4,1.0,0.1,6.5,0.7,1.1,0.416,0.352,0.5307692307692308,0.761,28,41,116.5,110.2
Josh Giddey,CHI,23.0,N/A,54,32.1,17.0,8.3,9.1,1.0,0.5,13.3,4.2,3.6,0.448,0.364,0.5150375939849624,0.763,21,33,116.3,121.5
Josh Green,CHA,25.0,N/A,58,15.7,4.3,1.8,0.8,0.6,0.1,3.1,0.5,0.6,0.459,0.42,0.6129032258064515,0.893,37,21,116.0,111.2
Josh Hart,NYK,31.0,N/A,66,30.2,12.0,7.4,4.8,1.1,0.3,9.0,1.9,1.9,0.508,0.413,0.5944444444444444,0.72,44,22,116.5,110.2
Josh Minott,BKN,23.0,N/A,49,17.0,7.4,3.2,0.9,0.9,0.5,5.1,1.2,0.9,0.5,0.418,0.6372549019607844,0.787,23,26,105.9,115.9
Josh Oduro,NOP,25.0,N/A,3,27.3,8.3,7.7,1.3,0.0,0.0,5.7,2.0,0.7,0.647,0.0,0.6491228070175439,0.5,1,2,115.5,120.0
Josh Okogie,HOU,27.0,N/A,78,17.4,4.5,2.6,0.9,0.8,0.2,3.8,0.9,0.5,0.425,0.385,0.5263157894736842,0.594,49,29,115.2,110.0
Jrue Holiday,POR,35.0,N/A,53,29.4,16.3,4.6,6.1,1.0,0.1,13.4,2.0,2.8,0.451,0.378,0.5447761194029851,0.838,28,25,115.5,115.8
Julian Champagnie,SAS,24.0,N/A,82,27.6,11.1,5.8,1.5,0.8,0.5,8.4,1.6,0.8,0.437,0.381,0.5833333333333334,0.844,62,20,119.8,111.5
Julian Phillips,MIN,22.0,N/A,48,8.9,2.9,1.0,0.2,0.5,0.1,2.5,0.5,0.2,0.421,0.308,0.52,0.783,19,29,118.0,114.6
Julian Reese,WAS,22.0,N/A,13,30.9,11.8,10.5,1.8,1.4,0.6,9.2,3.4,2.5,0.529,0.0,0.5217391304347826,0.636,1,12,112.9,124.9
Julian Strawther,DEN,24.0,N/A,57,15.1,7.2,2.0,1.1,0.4,0.1,5.6,1.2,0.6,0.467,0.387,0.5535714285714286,0.814,38,19,122.1,117.0
Julius Randle,MIN,31.0,N/A,79,33.0,21.1,6.7,5.0,1.1,0.2,15.3,6.3,2.7,0.481,0.315,0.5228758169934641,0.802,47,32,118.0,114.6
Justin Champagnie,WAS,24.0,N/A,69,20.0,8.7,5.6,1.2,0.9,0.6,6.7,1.5,0.7,0.502,0.319,0.5671641791044776,0.784,13,56,112.9,124.9
Justin Edwards,PHI,22.0,N/A,64,15.3,6.0,1.5,1.3,0.8,0.2,5.0,0.6,0.6,0.447,0.372,0.54,0.846,37,27,115.9,116.10000000000001
Jusuf Nurkić,UTA,31.0,N/A,41,26.4,10.9,10.4,4.8,1.3,0.5,8.7,2.8,2.5,0.503,0.352,0.5402298850574714,0.549,14,27,117.6,126.0
KJ Simpson,DEN,23.0,N/A,20,12.9,4.6,1.9,2.2,0.8,0.0,5.0,0.9,1.3,0.343,0.3,0.4,0.611,10,10,122.1,117.0
Kadary Richmond,WAS,24.0,N/A,3,22.3,8.3,3.3,2.7,2.7,0.3,5.3,1.0,0.7,0.625,0.5,0.6886792452830188,1.0,2,1,112.9,124.9
Kam Jones,IND,24.0,N/A,37,16.7,4.4,1.6,3.2,0.5,0.0,4.6,0.2,1.0,0.402,0.293,0.4565217391304348,0.5,6,31,112.4,120.4
Karl-Anthony Towns,NYK,30.0,N/A,75,31.0,20.1,11.9,3.0,0.9,0.5,13.8,5.5,2.5,0.501,0.368,0.5543478260869565,0.858,49,26,116.5,110.2
Karlo Matković,NOP,25.0,N/A,62,14.7,5.7,3.7,0.8,0.4,0.9,3.8,0.7,0.5,0.604,0.422,0.6842105263157894,0.732,24,38,115.5,120.0
Kasparas Jakučionis,MIA,19.0,N/A,53,17.8,6.2,2.6,2.6,0.6,0.1,4.5,1.2,0.9,0.429,0.423,0.5555555555555556,0.879,28,25,120.9,118.60000000000001
Kawhi Leonard,LAC,34.0,N/A,65,32.1,27.9,6.4,3.6,1.9,0.4,19.4,6.4,2.0,0.505,0.387,0.5721649484536083,0.892,37,28,113.8,112.7
Keaton Wallace,ATL,27.0,N/A,53,10.1,3.5,1.1,1.8,0.5,0.1,3.2,0.3,0.5,0.398,0.373,0.5156249999999999,0.667,31,22,118.5,116.1
Keegan Murray,SAC,25.0,N/A,23,34.5,14.0,5.7,1.7,1.0,1.6,13.0,2.1,1.2,0.42,0.277,0.4730769230769231,0.776,5,18,111.0,121.0
Kel'el Ware,MIA,21.0,N/A,77,22.1,11.1,9.0,0.7,0.8,1.1,8.4,1.2,0.8,0.53,0.395,0.6071428571428571,0.74,39,38,120.9,118.60000000000001
Keldon Johnson,SAS,26.0,N/A,82,23.3,13.2,5.4,1.4,0.6,0.1,9.7,2.4,0.9,0.519,0.363,0.577319587628866,0.794,62,20,119.8,111.5
Kelly Olynyk,SAS,35.0,N/A,42,8.6,3.2,1.8,1.2,0.4,0.1,2.3,0.9,0.6,0.49,0.255,0.5434782608695653,0.711,33,9,119.8,111.5
Kelly Oubre Jr.,PHI,30.0,N/A,50,31.5,14.1,5.0,1.6,1.4,0.5,10.9,2.9,1.4,0.467,0.36,0.5458715596330275,0.766,27,23,115.9,116.10000000000001
Kennedy Chandler,UTA,23.0,N/A,11,32.3,15.0,3.4,6.7,1.0,0.2,12.5,3.9,2.1,0.445,0.395,0.496,0.651,1,10,117.6,126.0
Kenrich Williams,OKC,31.0,N/A,56,15.3,6.5,3.3,1.4,0.6,0.1,5.3,0.9,0.8,0.473,0.388,0.5566037735849058,0.635,41,15,119.0,107.9
Kentavious Caldwell-Pope,MEM,33.0,N/A,51,21.3,8.4,2.5,2.7,0.8,0.2,7.2,1.6,1.2,0.41,0.316,0.4791666666666667,0.913,20,31,114.7,120.7
Keon Ellis,CLE,26.0,N/A,72,20.5,6.7,1.9,1.0,1.2,0.6,5.3,1.0,0.6,0.44,0.363,0.5566037735849056,0.729,31,41,119.5,115.4
Keshad Johnson,MIA,24.0,N/A,32,8.7,4.3,1.9,0.3,0.5,0.3,3.3,0.9,0.4,0.49,0.295,0.5454545454545455,0.724,16,16,120.9,118.60000000000001
Keshon Gilbert,ATL,22.0,N/A,4,18.4,4.3,1.3,3.0,0.8,1.0,3.0,1.8,2.0,0.417,0.0,0.43333333333333335,1.0,0,4,118.5,116.1
Kevin Durant,HOU,37.0,N/A,78,36.4,26.0,5.5,4.8,0.8,0.9,17.6,6.0,3.2,0.52,0.413,0.5909090909090908,0.874,48,30,115.2,110.0
Kevin Huerter,DET,27.0,N/A,69,22.5,10.0,3.5,2.6,0.9,0.5,8.6,1.0,1.0,0.451,0.308,0.5348837209302325,0.775,40,29,117.8,109.6
Kevin Love,UTA,37.0,N/A,37,16.6,6.7,5.8,1.8,0.4,0.2,5.4,1.2,0.8,0.397,0.373,0.5185185185185185,0.841,10,27,117.6,126.0
Kevin McCullar Jr.,NYK,25.0,N/A,21,7.4,2.4,1.3,1.0,0.4,0.0,2.2,0.2,0.6,0.426,0.333,0.5454545454545454,0.4,11,10,116.5,110.2
Kevin Porter Jr.,MIL,25.0,N/A,38,33.2,17.4,5.2,7.4,2.2,0.5,13.5,4.1,2.9,0.465,0.322,0.5111111111111111,0.878,18,20,110.6,116.8
Kevon Looney,NOP,30.0,N/A,21,14.6,2.8,5.6,1.6,0.4,0.5,2.9,0.5,0.4,0.417,0.154,0.4310344827586207,0.7,3,18,115.5,120.0
Keyonte George,UTA,22.0,N/A,54,33.1,23.6,3.7,6.1,1.1,0.3,16.3,7.0,3.1,0.456,0.371,0.5306748466257669,0.892,16,38,117.6,126.0
Khaman Maluach,PHX,19.0,N/A,46,8.9,3.0,2.9,0.1,0.1,0.7,2.3,0.7,0.5,0.533,0.238,0.5434782608695653,0.71,22,24,112.6,111.1
Khris Middleton,DAL,34.0,N/A,63,22.8,10.2,3.7,2.8,0.7,0.1,8.6,2.2,1.7,0.42,0.36,0.4825581395348838,0.875,18,45,114.1,119.6
Killian Hayes,SAC,24.0,N/A,23,17.6,5.5,2.3,3.5,0.9,0.2,6.0,1.2,1.2,0.304,0.27,0.35833333333333334,0.929,10,13,111.0,121.0
Klay Thompson,DAL,36.0,N/A,69,21.7,11.7,2.1,1.4,0.5,0.3,10.6,0.7,0.9,0.393,0.383,0.5235849056603774,0.766,21,48,114.1,119.6
Kobe Brown,IND,26.0,N/A,61,15.8,5.8,3.0,1.3,0.4,0.2,4.4,1.0,0.9,0.469,0.374,0.5795454545454546,0.797,17,44,112.4,120.4
Kobe Bufkin,LAL,22.0,N/A,16,7.5,2.9,0.8,0.6,0.1,0.2,3.1,0.8,0.3,0.3,0.192,0.33870967741935487,0.917,10,6,116.3,114.5
Kobe Sanders,LAC,23.0,N/A,68,19.9,7.3,2.3,1.6,0.7,0.1,5.6,1.0,1.2,0.466,0.408,0.5714285714285715,0.826,36,32,113.8,112.7
Koby Brea,PHX,23.0,N/A,12,7.0,3.8,0.7,0.8,0.1,0.0,3.0,0.2,0.3,0.417,0.433,0.6166666666666667,1.0,5,7,112.6,111.1
Kon Knueppel,CHA,20.0,N/A,81,31.5,18.5,5.3,3.4,0.7,0.2,13.4,2.8,2.0,0.475,0.425,0.6044776119402985,0.863,44,37,116.0,111.2
Kris Dunn,LAC,32.0,N/A,82,27.2,7.3,3.3,3.6,1.6,0.2,5.8,1.0,1.4,0.476,0.374,0.5689655172413793,0.765,42,40,113.8,112.7
Kris Murray,POR,25.0,N/A,57,23.4,5.8,3.6,1.4,0.9,0.4,4.8,1.0,0.8,0.467,0.279,0.5416666666666666,0.684,28,29,115.5,115.8
Kristaps Porziņģis,GSW,30.0,N/A,32,24.0,16.7,5.2,2.5,0.6,1.2,12.1,4.9,1.3,0.446,0.338,0.5165289256198348,0.842,13,19,114.6,115.19999999999999
Kyle Anderson,MIN,32.0,N/A,43,19.8,6.2,3.5,2.9,1.0,0.6,4.7,1.6,0.9,0.53,0.364,0.5425531914893617,0.706,15,28,118.0,114.6
Kyle Filipowski,UTA,22.0,N/A,77,23.4,11.4,7.2,2.6,0.9,0.5,8.5,2.8,1.6,0.492,0.325,0.5529411764705883,0.75,21,56,117.6,126.0
Kyle Kuzma,MIL,30.0,N/A,69,26.2,13.0,4.5,2.7,0.7,0.4,10.0,2.7,1.7,0.492,0.347,0.55,0.726,31,38,110.6,116.8
Kyle Lowry,PHI,40.0,N/A,14,8.4,1.2,0.6,0.8,0.1,0.1,1.8,0.4,0.3,0.16,0.16,0.24999999999999997,0.833,9,5,115.9,116.10000000000001
Kyshawn George,WAS,22.0,N/A,48,29.0,14.8,5.1,4.5,1.0,0.9,12.0,2.7,2.6,0.438,0.381,0.5291666666666667,0.802,10,38,112.9,124.9
LJ Cryer,GSW,24.0,N/A,18,16.2,8.2,1.6,1.0,0.2,0.0,6.5,1.1,0.8,0.402,0.394,0.5615384615384615,0.895,6,12,114.6,115.19999999999999
LaMelo Ball,CHA,24.0,N/A,72,28.0,20.1,4.8,7.1,1.2,0.3,17.3,2.5,2.8,0.407,0.368,0.5144508670520231,0.899,41,31,116.0,111.2
Lachlan Olbrich,CHI,22.0,N/A,37,9.3,2.4,3.0,1.1,0.3,0.2,2.1,1.1,0.4,0.468,0.105,0.5,0.375,9,28,116.3,121.5
Landry Shamet,NYK,29.0,N/A,51,23.0,9.3,1.8,1.4,0.6,0.2,7.1,1.5,0.6,0.437,0.392,0.5774647887323944,0.711,35,16,116.5,110.2
Larry Nance Jr.,CLE,33.0,N/A,35,12.8,3.7,2.7,1.0,0.6,0.2,3.5,0.4,0.6,0.419,0.333,0.5142857142857143,0.462,25,10,119.5,115.4
Lauri Markkanen,UTA,28.0,N/A,42,34.3,26.7,6.9,2.1,1.0,0.5,19.2,6.4,1.5,0.477,0.355,0.5442708333333334,0.896,17,25,117.6,126.0
Lawson Lovering,MEM,22.0,N/A,2,24.6,7.0,7.5,1.5,1.5,0.5,5.0,2.5,1.0,0.6,0.0,0.6,0.4,1,1,114.7,120.7
LeBron James,LAL,41.0,N/A,60,33.2,20.9,6.1,7.2,1.2,0.6,15.3,5.3,3.0,0.515,0.317,0.5588235294117647,0.737,39,21,116.3,114.5
Leaky Black,WAS,26.0,N/A,15,28.9,7.1,5.0,1.5,1.2,0.5,6.9,0.5,0.9,0.388,0.345,0.4855072463768116,0.875,1,14,112.9,124.9
Leonard Miller,CHI,22.0,N/A,46,15.6,7.8,3.9,0.9,0.4,0.3,5.7,1.2,0.8,0.553,0.323,0.6228070175438597,0.736,18,28,116.3,121.5
Liam McNeeley,CHA,20.0,N/A,31,11.9,4.3,2.4,0.8,0.2,0.1,3.1,1.3,0.4,0.4,0.4,0.5161290322580645,0.821,12,19,116.0,111.2
Lindy Waters III,SAS,28.0,N/A,40,7.1,2.4,0.7,0.5,0.2,0.0,2.2,0.1,0.2,0.375,0.342,0.5227272727272726,0.667,31,9,119.8,111.5
Lonzo Ball,CLE,28.0,N/A,35,20.8,4.6,4.0,3.9,1.3,0.3,5.0,0.6,1.5,0.301,0.272,0.41,0.667,19,16,119.5,115.4
Lucas Williamson,MEM,27.0,N/A,7,32.0,10.4,5.4,2.6,1.6,0.1,10.7,1.1,1.4,0.333,0.283,0.4345794392523365,1.0,0,7,114.7,120.7
Luguentz Dort,OKC,27.0,N/A,69,26.8,8.3,3.6,1.2,0.9,0.4,7.6,0.8,0.8,0.385,0.344,0.506578947368421,0.759,53,16,119.0,107.9
Luka Dončić,LAL,27.0,N/A,64,35.8,33.5,7.7,8.3,1.6,0.5,22.8,10.1,4.0,0.476,0.366,0.5614035087719298,0.78,43,21,116.3,114.5
Luka Garza,BOS,27.0,N/A,69,16.2,8.1,4.1,1.0,0.4,0.4,5.2,1.7,0.7,0.577,0.433,0.6538461538461539,0.769,47,22,114.9,107.2
Luke Kennard,LAL,29.0,N/A,78,21.5,8.4,2.3,2.2,0.7,0.1,5.7,0.9,0.8,0.533,0.478,0.6578947368421052,0.913,45,33,116.3,114.5
Luke Kornet,SAS,30.0,N/A,68,21.0,6.5,6.1,1.9,0.5,1.0,4.0,1.7,0.4,0.643,0.0,0.65,0.825,52,16,119.8,111.5
Luke Travers,CLE,24.0,N/A,12,8.6,2.3,2.0,0.8,0.6,0.3,3.0,0.8,0.3,0.25,0.063,0.2833333333333334,1.0,6,6,119.5,115.4
Mac McClung,CHI,27.0,N/A,11,12.3,6.1,0.9,0.9,1.0,0.3,5.4,1.6,0.8,0.39,0.233,0.4444444444444444,0.778,2,9,116.3,121.5
Malachi Smith,BKN,26.0,N/A,15,23.9,8.3,3.4,3.3,0.8,0.3,6.6,0.5,0.9,0.485,0.435,0.5833333333333334,1.0,3,12,105.9,115.9
Malaki Branham,WAS,22.0,N/A,28,9.8,4.6,1.6,0.8,0.4,0.1,3.3,1.2,0.5,0.473,0.378,0.5303030303030303,0.824,7,21,112.9,124.9
Malevy Leons,GSW,26.0,N/A,25,11.1,3.3,2.1,0.9,0.6,0.4,2.9,0.8,0.5,0.444,0.25,0.48275862068965525,0.789,7,18,114.6,115.19999999999999
Malik Monk,SAC,28.0,N/A,62,22.0,12.5,1.9,3.0,0.6,0.4,10.2,1.7,1.5,0.438,0.395,0.5392156862745099,0.879,18,44,111.0,121.0
MarJon Beauchamp,PHI,25.0,N/A,14,14.0,6.8,2.3,1.1,0.6,0.3,5.4,1.4,0.9,0.434,0.34,0.5462962962962963,0.684,7,7,115.9,116.10000000000001
Marcus Sasser,DET,25.0,N/A,38,12.0,5.2,1.0,2.0,0.5,0.1,4.7,0.5,0.8,0.39,0.415,0.5106382978723404,0.833,28,10,117.8,109.6
Marcus Smart,LAL,32.0,N/A,62,28.5,9.3,2.8,3.0,1.4,0.4,7.7,2.1,1.5,0.395,0.331,0.49350649350649345,0.822,41,21,116.3,114.5
Mark Sears,MIL,24.0,N/A,7,3.7,3.1,0.3,0.3,0.0,0.0,1.9,1.1,0.6,0.462,0.5,0.631578947368421,0.75,1,6,110.6,116.8
Mark Williams,PHX,24.0,N/A,60,23.6,11.7,8.0,1.0,0.9,0.9,7.3,2.9,1.1,0.644,1.0,0.6438356164383562,0.771,34,26,112.6,111.1
Markelle Fultz,TOR,27.0,N/A,5,7.2,0.8,0.2,1.6,0.4,0.0,2.2,0.0,0.8,0.182,0.0,0.18181818181818182,0.0,3,2,114.6,111.8
Marvin Bagley III,DAL,27.0,N/A,60,20.0,10.5,6.1,1.4,0.5,0.7,6.9,2.4,1.0,0.618,0.462,0.6376811594202899,0.66,16,44,114.1,119.6
Mason Plumlee,SAS,36.0,N/A,20,8.6,1.6,2.7,1.0,0.5,0.0,0.7,0.7,0.6,0.786,0.0,0.8571428571428572,0.643,10,10,119.8,111.5
Matas Buzelis,CHI,21.0,N/A,77,29.2,16.3,5.8,2.1,0.7,1.5,12.5,3.1,2.1,0.463,0.349,0.552,0.786,28,49,116.3,121.5
Matisse Thybulle,POR,29.0,N/A,30,16.0,5.8,2.0,0.9,2.0,0.5,4.5,0.8,0.9,0.433,0.398,0.5555555555555556,0.84,17,13,115.5,115.8
Max Christie,DAL,23.0,N/A,77,29.1,12.3,3.2,2.0,0.6,0.4,9.4,1.8,1.2,0.441,0.404,0.5691489361702127,0.899,24,53,114.1,119.6
Max Shulga,BOS,23.0,N/A,11,3.3,0.6,0.5,0.2,0.1,0.0,0.7,0.2,0.3,0.25,0.25,0.35714285714285715,1.0,8,3,114.9,107.2
Max Strus,CLE,30.0,N/A,12,24.0,11.2,5.4,2.0,0.3,0.0,8.8,0.8,0.8,0.443,0.402,0.6022727272727272,0.778,9,3,119.5,115.4
Maxi Kleber,LAL,34.0,N/A,43,10.7,2.0,2.0,0.6,0.4,0.3,1.7,0.6,0.4,0.452,0.231,0.5000000000000001,0.538,20,23,116.3,114.5
Maxime Raynaud,SAC,23.0,N/A,74,26.5,12.5,7.5,1.4,0.5,0.5,9.1,2.3,1.3,0.571,0.324,0.587912087912088,0.786,21,53,111.0,121.0
Micah Peavy,NOP,24.0,N/A,61,15.0,4.3,1.9,1.0,0.7,0.1,4.5,0.5,0.3,0.385,0.259,0.43333333333333335,0.759,17,44,115.5,120.0
Micah Potter,IND,28.0,N/A,47,19.3,9.7,5.0,1.5,0.5,0.3,6.2,2.1,1.0,0.515,0.423,0.6370967741935484,0.842,11,36,112.4,120.4
Michael Porter Jr.,BKN,27.0,N/A,52,32.5,24.2,7.1,3.0,1.1,0.3,18.4,4.4,2.3,0.463,0.363,0.5543478260869565,0.859,14,38,105.9,115.9
Mikal Bridges,NYK,29.0,N/A,82,32.8,14.4,3.8,3.7,1.3,0.8,11.7,1.2,1.0,0.49,0.371,0.576923076923077,0.827,53,29,116.5,110.2
Mike Conley,MIN,38.0,N/A,54,18.4,4.5,1.7,2.9,0.6,0.3,4.0,0.9,0.6,0.335,0.337,0.45,0.9,33,21,118.0,114.6
Miles Bridges,CHA,28.0,N/A,77,31.0,17.1,5.8,3.2,0.6,0.4,13.5,3.3,1.4,0.46,0.333,0.5296296296296297,0.822,42,35,116.0,111.2
Miles Kelly,DAL,23.0,N/A,14,9.6,3.1,1.7,0.9,0.3,0.1,3.1,0.1,0.4,0.364,0.303,0.467741935483871,1.0,7,7,114.1,119.6
Miles McBride,NYK,25.0,N/A,41,26.3,12.0,2.4,2.6,0.9,0.2,9.9,1.1,0.8,0.423,0.413,0.5606060606060607,0.787,25,16,116.5,110.2
Mitchell Robinson,NYK,28.0,N/A,60,19.6,5.7,8.8,0.9,0.9,1.2,3.4,1.7,0.7,0.723,0.0,0.7352941176470589,0.408,40,20,116.5,110.2
Mo Bamba,UTA,27.0,N/A,4,11.0,2.5,5.5,0.3,0.0,0.8,2.8,0.0,0.5,0.455,0.0,0.46428571428571436,0.0,3,1,117.6,126.0
Mohamed Diawara,NYK,20.0,N/A,69,9.2,3.6,1.4,0.8,0.2,0.1,3.1,0.3,0.4,0.423,0.369,0.532258064516129,0.75,42,27,116.5,110.2
Monte Morris,IND,30.0,N/A,6,10.8,3.0,1.2,1.5,0.2,0.2,3.3,0.7,0.3,0.35,0.25,0.40909090909090906,0.5,0,6,112.4,120.4
Moritz Wagner,ORL,28.0,N/A,36,11.8,6.9,3.2,0.8,0.4,0.1,5.4,2.0,0.5,0.426,0.314,0.4814814814814814,0.819,21,15,115.7,115.10000000000001
Moses Moody,GSW,23.0,N/A,60,25.7,12.1,3.3,1.6,1.0,0.6,9.3,1.9,1.0,0.44,0.401,0.575268817204301,0.77,30,30,114.6,115.19999999999999
Mouhamadou Gueye,CHI,27.0,N/A,2,22.7,8.0,3.0,3.0,1.0,0.5,5.5,2.0,1.5,0.545,0.2,0.5909090909090909,0.75,0,2,116.3,121.5
Mouhamed Gueye,ATL,23.0,N/A,77,15.3,4.4,3.6,0.9,0.8,0.5,3.8,0.8,0.4,0.452,0.308,0.5131578947368421,0.645,44,33,118.5,116.1
Moussa Cisse,DAL,23.0,N/A,38,13.9,4.5,5.7,0.2,0.5,1.2,3.0,2.1,0.8,0.574,0.0,0.5666666666666667,0.469,11,27,114.1,119.6
Moussa Diabaté,CHA,24.0,N/A,73,26.0,7.9,8.7,1.9,0.8,1.0,5.0,2.4,1.0,0.631,0.5,0.62,0.659,40,33,116.0,111.2
Myles Turner,MIL,30.0,N/A,71,26.9,11.9,5.3,1.5,0.7,1.6,9.1,2.5,1.2,0.44,0.383,0.554945054945055,0.74,30,41,110.6,116.8
Myron Gardner,MIA,24.0,N/A,45,9.1,3.6,2.7,1.0,0.4,0.2,2.7,0.6,0.4,0.48,0.406,0.5925925925925926,0.731,24,21,120.9,118.60000000000001
N'Faly Dante,ATL,24.0,N/A,4,3.9,0.8,1.8,0.0,0.5,0.0,1.0,0.3,0.3,0.25,0.0,0.3,1.0,3,1,118.5,116.1
Nae'Qwan Tomlin,CLE,25.0,N/A,64,15.7,5.8,2.9,0.8,0.6,0.5,4.9,1.0,0.5,0.478,0.235,0.5102040816326531,0.77,42,22,119.5,115.4
Naji Marshall,DAL,28.0,N/A,74,29.5,15.2,4.7,3.3,1.1,0.1,11.1,4.1,1.6,0.51,0.291,0.5495495495495496,0.76,25,49,114.1,119.6
Nate Williams,GSW,27.0,N/A,14,17.1,8.0,2.1,1.0,0.4,0.0,6.3,1.1,1.1,0.489,0.433,0.5634920634920636,0.867,2,12,114.6,115.19999999999999
Naz Reid,MIN,26.0,N/A,77,26.1,13.6,6.2,2.2,1.0,1.0,11.3,1.6,1.6,0.456,0.362,0.5530973451327433,0.732,46,31,118.0,114.6
Neemias Queta,BOS,26.0,N/A,76,25.3,10.2,8.4,1.7,0.8,1.3,6.6,2.3,1.0,0.653,0.125,0.6515151515151515,0.703,52,24,114.9,107.2
Nic Claxton,BKN,27.0,N/A,69,27.8,11.7,6.9,3.7,0.7,1.1,8.4,3.3,1.4,0.571,0.158,0.5714285714285714,0.616,17,52,105.9,115.9
Nick Richards,CHI,28.0,N/A,48,14.6,5.8,5.1,0.3,0.2,0.7,4.2,2.1,1.2,0.512,0.278,0.5119047619047619,0.644,20,28,116.3,121.5
Nick Smith Jr.,LAL,22.0,N/A,30,12.5,6.2,0.8,1.0,0.3,0.1,5.4,0.5,0.7,0.435,0.395,0.5277777777777777,0.733,15,15,116.3,114.5
Nickeil Alexander-Walker,ATL,27.0,N/A,78,33.4,20.8,3.4,3.7,1.3,0.5,15.3,3.9,2.1,0.459,0.399,0.5620915032679739,0.902,43,35,118.5,116.1
Nicolas Batum,LAC,37.0,N/A,74,17.5,4.0,2.5,0.9,0.6,0.3,3.2,0.1,0.5,0.403,0.404,0.5937499999999999,0.818,39,35,113.8,112.7
Nigel Hayes-Davis,PHX,31.0,N/A,27,7.2,1.3,1.2,0.3,0.3,0.1,1.7,0.1,0.3,0.326,0.125,0.3823529411764706,0.5,15,12,112.6,111.1
Nikola Jokić,DEN,31.0,N/A,65,34.8,27.7,12.9,10.7,1.4,0.8,17.4,7.4,3.7,0.569,0.38,0.6178160919540231,0.831,43,22,122.1,117.0
Nikola Jović,MIA,22.0,N/A,47,17.2,7.3,3.3,2.2,0.6,0.4,6.7,2.1,1.4,0.366,0.269,0.43283582089552236,0.683,24,23,120.9,118.60000000000001
Nikola Topić,OKC,20.0,N/A,10,16.0,5.2,1.9,4.4,0.5,0.0,5.1,0.5,2.5,0.431,0.4,0.4901960784313726,0.4,6,4,119.0,107.9
Nikola Vučević,BOS,35.0,N/A,64,28.4,15.1,8.4,3.3,0.6,0.6,12.5,1.5,1.3,0.493,0.369,0.56,0.828,35,29,114.9,107.2
Nique Clifford,SAC,24.0,N/A,75,25.1,8.6,3.8,2.4,0.9,0.3,7.9,1.3,1.5,0.418,0.333,0.48101265822784806,0.722,21,54,111.0,121.0
Noa Essengue,CHI,19.0,N/A,2,3.0,0.0,0.0,0.0,0.5,0.0,1.5,0.0,0.0,0.0,0.0,0.0,0.0,1,1,116.3,121.5
Noah Clowney,BKN,21.0,N/A,66,27.0,12.3,4.1,1.6,0.8,0.7,9.6,3.4,1.5,0.396,0.329,0.5,0.804,17,49,105.9,115.9
Noah Penda,ORL,21.0,N/A,59,12.8,3.8,3.2,1.2,0.5,0.3,3.4,0.8,0.7,0.404,0.323,0.4852941176470588,0.688,30,29,115.7,115.10000000000001
Nolan Traore,BKN,19.0,N/A,56,22.2,8.9,1.8,3.8,0.8,0.4,8.6,1.7,2.3,0.38,0.318,0.4476744186046511,0.787,14,42,105.9,115.9
Norchad Omier,LAC,24.0,N/A,6,3.9,2.8,1.2,0.3,0.2,0.0,1.7,0.5,0.0,0.7,0.0,0.7058823529411765,1.0,5,1,113.8,112.7
Norman Powell,MIA,32.0,N/A,58,29.6,21.7,3.5,2.5,1.1,0.2,15.4,5.5,1.9,0.47,0.38,0.5616883116883117,0.827,29,29,120.9,118.60000000000001
OG Anunoby,NYK,28.0,N/A,67,33.2,16.7,5.2,2.2,1.6,0.7,12.0,3.3,1.8,0.484,0.386,0.5791666666666666,0.828,45,22,116.5,110.2
Obi Toppin,IND,28.0,N/A,24,17.7,11.6,4.4,2.3,0.5,0.0,8.3,1.9,1.2,0.503,0.352,0.5963855421686747,0.913,4,20,112.4,120.4
Ochai Agbaji,BKN,25.0,N/A,62,15.7,5.1,2.3,0.8,0.4,0.3,4.5,0.7,0.5,0.436,0.266,0.5,0.837,28,34,105.9,115.9
Olivier Sarr,CLE,27.0,N/A,4,9.8,3.5,2.8,1.3,0.5,0.8,1.8,1.3,0.5,0.714,0.667,0.8611111111111112,0.4,3,1,119.5,115.4
Olivier-Maxence Prosper,MEM,23.0,N/A,53,18.6,10.0,3.5,1.0,0.8,0.2,6.6,2.2,0.9,0.549,0.405,0.6287878787878789,0.754,16,37,114.7,120.7
Omer Yurtseven,GSW,27.0,N/A,9,11.6,3.8,3.3,0.9,0.2,0.1,2.9,2.0,1.0,0.423,0.0,0.41379310344827586,0.667,3,6,114.6,115.19999999999999
Onyeka Okongwu,ATL,25.0,N/A,74,31.0,15.2,7.6,3.1,1.1,1.1,11.6,2.7,1.7,0.48,0.376,0.5646551724137931,0.757,41,33,118.5,116.1
Orlando Robinson,ORL,25.0,N/A,4,6.2,1.8,1.0,0.8,0.3,0.0,1.3,0.0,0.0,0.6,0.5,0.7307692307692308,0.0,2,2,115.7,115.10000000000001
Oscar Tshiebwe,UTA,26.0,N/A,27,16.6,7.8,6.6,1.2,0.6,0.2,5.4,1.8,0.8,0.634,0.0,0.6296296296296295,0.551,3,24,117.6,126.0
Oso Ighodaro,PHX,23.0,N/A,82,22.1,6.5,5.1,2.3,0.9,0.7,4.5,1.4,1.2,0.653,0.0,0.6444444444444444,0.453,45,37,112.6,111.1
Ousmane Dieng,MIL,22.0,N/A,57,19.3,7.6,3.2,2.4,0.4,0.3,7.0,0.8,1.3,0.422,0.341,0.4928571428571429,0.711,33,24,110.6,116.8
P.J. Washington,DAL,27.0,N/A,56,31.0,14.2,7.0,1.8,1.0,1.1,11.8,3.3,1.7,0.45,0.325,0.5084745762711864,0.687,16,40,114.1,119.6
PJ Hall,CHA,24.0,N/A,19,11.2,4.5,3.9,0.5,0.2,0.5,3.1,1.5,0.8,0.508,0.6,0.5483870967741936,0.793,7,12,116.0,111.2
Pacôme Dadiet,NYK,20.0,N/A,29,4.7,1.7,0.9,0.4,0.1,0.0,1.7,0.4,0.1,0.333,0.219,0.4117647058823529,0.818,18,11,116.5,110.2
Paolo Banchero,ORL,23.0,N/A,72,34.7,22.2,8.4,5.2,0.7,0.6,16.0,8.2,3.1,0.459,0.305,0.49374999999999997,0.775,38,34,115.7,115.10000000000001
Pascal Siakam,IND,32.0,N/A,62,33.2,24.0,6.6,3.8,1.1,0.4,18.6,6.1,2.2,0.484,0.358,0.5295698924731183,0.693,17,45,112.4,120.4
Pat Connaughton,CHA,33.0,N/A,42,7.1,2.6,1.5,0.4,0.3,0.0,2.0,0.5,0.3,0.447,0.404,0.575,0.65,25,17,116.0,111.2
Pat Spencer,GSW,29.0,N/A,66,18.6,7.2,2.4,3.5,0.7,0.1,6.6,0.9,1.3,0.427,0.357,0.49242424242424243,0.772,30,36,114.6,115.19999999999999
Patrick Baldwin Jr.,SAC,23.0,N/A,9,11.4,3.7,2.6,0.6,0.3,0.6,3.0,0.8,0.6,0.407,0.429,0.5166666666666666,0.714,3,6,111.0,121.0
Patrick Williams,CHI,24.0,N/A,72,20.5,7.0,3.0,1.5,0.7,0.4,6.6,1.0,1.0,0.372,0.347,0.4772727272727273,0.72,24,48,116.3,121.5
Paul George,PHI,35.0,N/A,37,30.7,17.3,5.3,3.6,1.7,0.4,13.9,3.0,1.7,0.439,0.392,0.5359712230215826,0.82,22,15,115.9,116.10000000000001
Paul Reed,DET,26.0,N/A,65,13.9,7.8,4.5,1.2,0.9,0.9,5.2,1.7,0.9,0.617,0.325,0.6346153846153847,0.664,47,18,117.8,109.6
Payton Pritchard,BOS,28.0,N/A,79,32.3,17.0,3.9,5.2,0.7,0.1,13.8,1.7,1.4,0.464,0.377,0.5615942028985507,0.89,54,25,114.9,107.2
Payton Sandfort,OKC,23.0,N/A,4,15.8,8.8,2.5,0.0,0.3,0.0,6.5,1.0,0.3,0.5,0.412,0.6461538461538462,0.5,2,2,119.0,107.9
Pelle Larsson,MIA,25.0,N/A,70,26.4,11.4,3.5,3.4,0.7,0.2,8.0,3.3,1.4,0.496,0.323,0.55625,0.797,38,32,120.9,118.60000000000001
Pete Nance,MIL,26.0,N/A,47,15.7,5.4,2.7,1.0,0.3,0.3,4.1,0.2,0.6,0.515,0.42,0.6463414634146343,0.364,14,33,110.6,116.8
Peyton Watson,DEN,23.0,N/A,54,29.6,14.6,4.9,2.1,0.9,1.1,10.8,3.5,1.7,0.491,0.411,0.5601851851851851,0.73,36,18,122.1,117.0
Precious Achiuwa,SAC,26.0,N/A,73,23.9,10.1,6.7,1.4,0.9,0.7,8.2,1.9,0.9,0.528,0.278,0.5487804878048781,0.554,20,53,111.0,121.0
Quentin Grimes,PHI,25.0,N/A,75,29.4,13.4,3.6,3.3,0.9,0.4,10.1,3.2,1.8,0.45,0.334,0.5297029702970297,0.84,42,33,115.9,116.10000000000001
Quenton Jackson,IND,27.0,N/A,49,18.3,9.1,2.3,2.9,0.6,0.1,6.7,2.4,1.3,0.47,0.356,0.5298507462686567,0.824,10,39,112.4,120.4
Quinten Post,GSW,26.0,N/A,67,17.3,7.7,4.0,1.4,0.4,0.5,6.6,0.6,0.8,0.44,0.336,0.5454545454545454,0.791,32,35,114.6,115.19999999999999
RJ Barrett,TOR,25.0,N/A,57,30.3,19.3,5.3,3.3,0.7,0.3,14.3,4.9,1.7,0.491,0.339,0.5489510489510488,0.717,34,23,114.6,111.8
Rasheer Fleming,PHX,21.0,N/A,55,12.2,4.3,2.3,0.3,0.4,0.4,3.9,0.6,0.5,0.405,0.346,0.5128205128205129,0.559,29,26,112.6,111.1
RayJ Dennis,ATL,25.0,N/A,17,12.1,4.4,1.5,1.9,0.2,0.2,4.9,0.5,1.0,0.313,0.311,0.38775510204081626,0.889,3,14,118.5,116.1
Rayan Rupert,MEM,21.0,N/A,64,16.8,5.2,2.9,1.1,0.9,0.1,4.9,0.8,0.9,0.393,0.324,0.4591836734693877,0.778,29,35,114.7,120.7
Reed Sheppard,HOU,21.0,N/A,82,26.2,13.5,2.9,3.4,1.5,0.7,11.5,1.0,1.5,0.43,0.394,0.5565217391304348,0.802,52,30,115.2,110.0
Riley Minix,CLE,25.0,N/A,9,6.5,3.9,0.7,0.6,0.2,0.1,2.6,0.3,0.3,0.609,0.333,0.6923076923076923,1.0,7,2,119.5,115.4
Rob Dillingham,CHI,21.0,N/A,65,14.9,6.3,2.0,2.2,0.7,0.1,6.3,0.8,1.5,0.396,0.316,0.4444444444444444,0.745,29,36,116.3,121.5
Robert Williams III,POR,28.0,N/A,59,17.1,6.7,7.0,1.0,0.6,1.5,4.2,1.0,0.8,0.708,0.391,0.7380952380952381,0.596,30,29,115.5,115.8
Rocco Zikarsky,MIN,19.0,N/A,5,7.3,2.8,2.8,0.4,0.0,1.0,1.6,0.8,0.2,0.625,0.0,0.625,1.0,1,4,118.0,114.6
Ron Harper Jr.,BOS,26.0,N/A,29,10.9,4.2,1.7,0.8,0.3,0.3,3.8,0.1,0.3,0.418,0.35,0.5526315789473685,0.75,22,7,114.9,107.2
Ronald Holland II,DET,20.0,N/A,78,19.9,8.2,4.0,1.2,1.2,0.3,7.0,1.9,1.2,0.432,0.253,0.4714285714285714,0.805,56,22,117.8,109.6
Royce O'Neale,PHX,32.0,N/A,78,28.4,9.8,4.8,2.7,1.1,0.4,8.0,0.5,1.3,0.421,0.408,0.59375,0.711,43,35,112.6,111.1
Rudy Gobert,MIN,33.0,N/A,76,31.3,10.9,11.5,1.7,0.8,1.6,6.5,4.0,1.4,0.682,0.0,0.676923076923077,0.526,46,30,118.0,114.6
Rui Hachimura,LAL,28.0,N/A,68,28.3,11.5,3.3,0.8,0.6,0.3,8.8,1.1,0.6,0.514,0.443,0.6079545454545454,0.694,47,21,116.3,114.5
Russell Westbrook,SAC,37.0,N/A,64,28.9,15.2,5.4,6.7,1.3,0.2,13.1,2.9,3.3,0.427,0.338,0.5038167938931297,0.694,16,48,111.0,121.0
Ryan Dunn,PHX,23.0,N/A,70,19.4,5.8,4.2,1.5,0.9,0.4,5.2,0.7,0.8,0.453,0.331,0.5192307692307692,0.489,40,30,112.6,111.1
Ryan Kalkbrenner,CHA,24.0,N/A,69,21.4,7.6,5.5,0.8,0.5,1.5,4.2,1.7,0.9,0.753,0.0,0.7619047619047619,0.716,39,30,116.0,111.2
Ryan Nembhard,DAL,23.0,N/A,60,19.5,6.6,2.2,5.3,0.4,0.0,6.5,0.5,1.4,0.415,0.356,0.47692307692307695,0.806,20,40,114.1,119.6
Ryan Rollins,MIL,23.0,N/A,74,32.1,17.3,4.6,5.6,1.5,0.4,13.9,2.1,2.7,0.472,0.406,0.5647482014388489,0.796,29,45,110.6,116.8
Saddiq Bey,NOP,27.0,N/A,72,31.2,17.7,5.6,2.5,0.9,0.1,13.4,4.1,0.9,0.451,0.367,0.5335820895522387,0.841,24,48,115.5,120.0
Sam Hauser,BOS,28.0,N/A,78,24.8,9.2,3.8,1.5,0.5,0.3,7.7,0.3,0.4,0.419,0.393,0.577922077922078,0.85,54,24,114.9,107.2
Sam Merrill,CLE,29.0,N/A,52,26.5,12.8,2.6,2.4,0.6,0.1,9.3,1.3,0.8,0.461,0.421,0.6236559139784945,0.855,37,15,119.5,115.4
Sandro Mamukelashvili,TOR,26.0,N/A,80,21.9,11.2,4.9,1.9,0.8,0.5,7.9,2.0,0.8,0.523,0.389,0.6075949367088607,0.747,44,36,114.6,111.8
Santi Aldama,MEM,25.0,N/A,43,27.9,14.0,6.7,2.9,0.9,0.7,11.1,2.7,1.3,0.479,0.35,0.5495495495495495,0.667,19,24,114.7,120.7
Scoot Henderson,POR,22.0,N/A,30,24.9,14.2,2.7,3.7,0.9,0.3,11.4,3.3,2.4,0.418,0.352,0.5043859649122807,0.84,18,12,115.5,115.8
Scottie Barnes,TOR,24.0,N/A,80,33.5,18.1,7.5,5.9,1.4,1.5,14.0,3.7,2.6,0.507,0.304,0.5392857142857143,0.815,45,35,114.6,111.8
Scotty Pippen Jr.,MEM,25.0,N/A,10,21.2,11.4,2.2,4.7,1.9,0.4,9.6,2.3,2.7,0.448,0.313,0.5,0.783,2,8,114.7,120.7
Sean Pedulla,LAC,23.0,N/A,7,4.4,1.9,0.4,0.7,0.0,0.0,2.1,0.0,0.1,0.333,0.3,0.4285714285714285,0.0,4,3,113.8,112.7
Seth Curry,GSW,35.0,N/A,10,13.3,7.1,1.2,1.0,0.3,0.0,4.9,1.2,0.2,0.49,0.48,0.6122448979591836,0.917,1,9,114.6,115.19999999999999
Shaedon Sharpe,POR,22.0,N/A,50,29.4,20.8,4.3,2.6,1.4,0.1,17.4,3.9,2.9,0.452,0.337,0.5086206896551725,0.787,24,26,115.5,115.8
Shai Gilgeous-Alexander,OKC,27.0,N/A,68,33.2,31.1,4.3,6.6,1.4,0.8,19.4,9.0,2.2,0.553,0.386,0.6005154639175259,0.879,56,12,119.0,107.9
Sharife Cooper,WAS,24.0,N/A,41,17.1,8.1,2.1,3.0,0.4,0.1,6.0,1.5,1.5,0.514,0.382,0.5750000000000001,0.833,6,35,112.9,124.9
Sidy Cissoko,POR,22.0,N/A,75,19.1,5.1,2.2,1.5,0.7,0.3,4.5,1.2,0.9,0.398,0.298,0.48888888888888893,0.659,39,36,115.5,115.8
Simone Fontecchio,MIA,30.0,N/A,70,16.7,8.5,3.0,1.4,0.5,0.1,6.7,1.5,0.7,0.412,0.375,0.5522388059701492,0.843,36,34,120.9,118.60000000000001
Sion James,CHA,23.0,N/A,82,22.5,5.4,3.5,2.0,0.6,0.2,4.5,1.2,0.8,0.371,0.352,0.48888888888888893,0.837,44,38,116.0,111.2
Skal Labissiere,WAS,30.0,N/A,3,12.5,4.3,3.0,1.0,0.7,0.3,3.3,0.0,0.3,0.6,0.2,0.6515151515151515,0.0,2,1,112.9,124.9
Spencer Jones,DEN,24.0,N/A,64,22.1,5.5,3.3,0.8,0.8,0.5,4.1,0.8,0.5,0.504,0.396,0.6219512195121952,0.608,41,23,122.1,117.0
Stanley Umude,SAS,27.0,N/A,2,3.3,1.0,0.0,0.5,0.5,0.0,1.0,0.0,0.0,0.5,0.0,0.5,0.0,2,0,119.8,111.5
Stephen Curry,GSW,38.0,N/A,43,30.9,26.6,3.6,4.7,1.1,0.4,18.6,5.1,2.8,0.468,0.393,0.586021505376344,0.923,24,19,114.6,115.19999999999999
Stephon Castle,SAS,21.0,N/A,68,30.0,16.7,5.3,7.4,1.1,0.3,12.0,5.6,3.2,0.471,0.332,0.525,0.734,51,17,119.8,111.5
Steven Adams,HOU,32.0,N/A,32,22.8,5.8,8.6,1.5,0.7,0.6,4.3,2.5,1.1,0.504,0.0,0.5116279069767442,0.58,21,11,115.2,110.0
Svi Mykhailiuk,UTA,28.0,N/A,50,23.1,9.4,2.5,1.9,0.5,0.1,7.2,0.6,0.8,0.478,0.408,0.625,0.893,14,36,117.6,126.0
T.J. McConnell,IND,34.0,N/A,56,17.2,9.4,2.2,5.1,1.0,0.2,8.0,0.5,1.1,0.538,0.32,0.55625,0.862,15,41,112.4,120.4
Taelon Peter,IND,24.0,N/A,38,13.0,4.5,1.6,1.1,0.7,0.1,4.2,0.4,0.7,0.38,0.328,0.511904761904762,0.625,6,32,112.4,120.4
Taj Gibson,MEM,40.0,N/A,10,9.7,3.4,2.7,0.6,0.2,0.1,2.6,0.8,0.1,0.462,0.5,0.5192307692307692,0.875,1,9,114.7,120.7
Tari Eason,HOU,24.0,N/A,60,25.8,10.5,6.3,1.5,1.2,0.5,9.7,1.1,1.4,0.416,0.358,0.4948453608247423,0.776,38,22,115.2,110.0
Taurean Prince,MIL,32.0,N/A,26,23.5,9.2,3.1,1.8,0.6,0.2,7.3,0.2,1.2,0.45,0.436,0.6095890410958903,1.0,10,16,110.6,116.8
Taylor Hendricks,MEM,22.0,N/A,59,19.0,7.4,3.7,0.9,0.8,0.5,6.0,1.2,0.8,0.459,0.342,0.5583333333333332,0.681,12,47,114.7,120.7
Terance Mann,BKN,29.0,N/A,63,24.3,7.2,3.2,3.0,0.7,0.2,5.8,1.3,1.1,0.457,0.364,0.5431034482758621,0.788,15,48,105.9,115.9
Terrence Shannon Jr.,MIN,25.0,N/A,43,12.5,5.6,1.1,0.9,0.3,0.0,4.0,1.6,0.6,0.45,0.408,0.5375,0.8,24,19,118.0,114.6
Thanasis Antetokounmpo,MIL,33.0,N/A,34,4.4,1.4,0.9,0.4,0.4,0.2,0.9,0.9,0.3,0.469,0.0,0.4444444444444445,0.567,9,25,110.6,116.8
Thomas Bryant,CLE,28.0,N/A,60,12.2,6.2,3.4,0.6,0.3,0.4,4.5,1.1,0.5,0.506,0.359,0.6,0.803,37,23,119.5,115.4
Tidjane Salaün,CHA,20.0,N/A,37,15.6,6.0,4.0,0.7,0.4,0.2,4.3,1.1,0.7,0.503,0.434,0.6279069767441862,0.65,19,18,116.0,111.2
Tim Hardaway Jr.,DEN,34.0,N/A,80,26.6,13.5,2.6,1.4,0.5,0.1,9.7,2.5,0.5,0.447,0.407,0.597938144329897,0.811,52,28,122.1,117.0
Tobias Harris,DET,33.0,N/A,63,27.7,13.3,5.1,2.5,0.9,0.4,10.5,2.5,1.0,0.469,0.368,0.5285714285714287,0.866,46,17,117.8,109.6
Toby Okani,MEM,24.0,N/A,6,36.2,10.0,3.5,1.0,0.7,0.5,11.7,1.3,0.5,0.357,0.29,0.42307692307692313,0.125,0,6,114.7,120.7
Tolu Smith,DET,25.0,N/A,15,9.2,3.7,3.3,0.9,0.1,0.4,2.4,2.0,0.5,0.5,0.0,0.5,0.667,11,4,117.8,109.6
Tony Bradley,ATL,28.0,N/A,41,11.0,4.0,2.8,0.5,0.1,0.2,2.9,1.0,0.4,0.547,0.5,0.5517241379310345,0.744,10,31,118.5,116.1
Tosan Evbuomwan,CHA,25.0,N/A,5,1.5,0.0,0.4,0.0,0.0,0.0,0.2,0.0,0.0,0.0,0.0,0.0,0.0,4,1,116.0,111.2
Toumani Camara,POR,25.0,N/A,82,33.3,13.4,5.1,2.5,1.1,0.4,10.9,1.7,1.8,0.44,0.37,0.5642201834862386,0.708,42,40,115.5,115.8
Trae Young,WAS,27.0,N/A,15,25.6,17.9,2.0,8.0,0.9,0.1,11.8,6.5,2.6,0.458,0.338,0.5338983050847458,0.825,2,13,112.9,124.9
Trayce Jackson-Davis,TOR,26.0,N/A,53,9.4,3.4,2.7,0.7,0.3,0.5,2.3,1.4,0.4,0.573,1.0,0.5652173913043479,0.514,29,24,114.6,111.8
Tre Johnson,WAS,20.0,N/A,60,24.0,12.2,2.8,2.0,0.6,0.3,10.8,1.5,1.6,0.419,0.358,0.5046296296296297,0.874,12,48,112.9,124.9
Tre Jones,CHI,26.0,N/A,65,27.0,14.1,3.1,5.4,1.2,0.2,9.5,3.5,1.4,0.553,0.315,0.5789473684210527,0.841,27,38,116.3,121.5
Tre Mann,CHA,25.0,N/A,53,12.6,5.5,1.7,1.6,0.5,0.1,5.7,0.5,1.0,0.36,0.323,0.44736842105263164,0.852,30,23,116.0,111.2
Trendon Watford,PHI,25.0,N/A,53,16.3,6.5,3.3,2.5,0.3,0.4,5.1,1.5,1.2,0.515,0.2,0.5294117647058825,0.779,27,26,115.9,116.10000000000001
Trentyn Flowers,CHI,21.0,N/A,2,2.8,2.0,0.5,0.5,0.0,0.0,1.5,0.0,0.5,0.667,0.0,0.6666666666666666,0.0,0,2,116.3,121.5
Trevon Scott,BKN,29.0,N/A,6,30.4,8.0,5.2,1.7,1.3,0.8,8.3,1.0,0.7,0.38,0.316,0.4457831325301205,0.667,2,4,105.9,115.9
Trevor Keels,MIA,22.0,N/A,8,1.9,1.0,0.3,0.0,0.1,0.0,1.5,0.0,0.0,0.25,0.222,0.3666666666666667,0.0,6,2,120.9,118.60000000000001
Trey Alexander,NOP,22.0,N/A,9,12.3,5.2,1.2,1.0,0.7,0.2,4.1,0.6,0.3,0.514,0.5,0.5975609756097562,0.6,2,7,115.5,120.0
Trey Jemison III,NYK,26.0,N/A,13,6.3,1.0,1.4,0.4,0.1,0.2,0.8,0.1,0.8,0.6,0.0,0.625,1.0,10,3,116.5,110.2
Trey Murphy III,NOP,25.0,N/A,66,35.5,21.5,5.7,3.8,1.5,0.4,15.9,3.7,1.8,0.47,0.379,0.5723270440251572,0.886,21,45,115.5,120.0
Tristan Enaruna,CLE,24.0,N/A,9,9.5,4.1,1.6,0.8,0.6,0.0,3.1,0.9,0.3,0.5,0.3,0.564516129032258,0.75,8,1,119.5,115.4
Tristan Vukcevic,WAS,23.0,N/A,49,13.7,9.0,3.0,1.1,0.5,0.7,6.5,2.3,1.3,0.479,0.347,0.5538461538461539,0.784,8,41,112.9,124.9
Tristan da Silva,ORL,24.0,N/A,77,24.7,9.9,3.7,1.6,0.9,0.3,8.1,1.2,0.9,0.45,0.374,0.54320987654321,0.884,43,34,115.7,115.10000000000001
Tristen Newton,HOU,24.0,N/A,1,12.0,12.0,3.0,0.0,1.0,0.0,9.0,3.0,0.0,0.444,0.4,0.5555555555555556,0.667,1,0,115.2,110.0
Ty Jerome,MEM,28.0,N/A,15,22.6,19.7,2.8,5.7,1.1,0.3,14.3,3.7,1.8,0.474,0.42,0.5734265734265733,0.875,3,12,114.7,120.7
TyTy Washington Jr.,LAC,24.0,N/A,16,5.5,1.3,0.4,1.1,0.4,0.2,1.2,0.0,0.2,0.474,0.375,0.5833333333333334,0.0,8,8,113.8,112.7
Tyler Burton,MEM,26.0,N/A,12,25.6,10.8,4.2,1.0,0.9,0.3,9.3,2.3,0.9,0.375,0.333,0.4731182795698925,0.852,2,10,114.7,120.7
Tyler Herro,MIA,26.0,N/A,33,31.3,20.5,4.8,4.1,0.7,0.4,15.6,3.3,1.9,0.48,0.378,0.5608974358974359,0.917,14,19,120.9,118.60000000000001
Tyler Kolek,NYK,25.0,N/A,62,11.7,4.4,1.6,2.7,0.4,0.1,4.0,0.3,0.9,0.435,0.386,0.5125,0.7,39,23,116.5,110.2
Tyler Smith,DAL,21.0,N/A,12,13.8,4.7,2.8,0.4,0.5,0.0,4.2,0.5,0.5,0.42,0.286,0.5238095238095238,0.667,2,10,114.1,119.6
Tyrese Martin,PHI,27.0,N/A,46,16.9,6.3,2.5,1.7,0.5,0.1,6.0,0.6,0.9,0.394,0.321,0.5,0.679,12,34,115.9,116.10000000000001
Tyrese Maxey,PHI,25.0,N/A,70,38.0,28.3,4.1,6.6,1.9,0.8,21.4,6.0,2.4,0.462,0.367,0.5350467289719627,0.892,38,32,115.9,116.10000000000001
Tyrese Proctor,CLE,22.0,N/A,50,10.9,5.4,1.3,1.5,0.5,0.0,4.5,0.9,0.8,0.413,0.351,0.5222222222222223,0.889,33,17,119.5,115.4
Tyson Etienne,BKN,26.0,N/A,24,15.8,7.9,1.1,1.7,0.5,0.0,6.0,1.5,0.7,0.4,0.398,0.5499999999999999,0.833,5,19,105.9,115.9
Tyus Jones,DEN,29.0,N/A,67,14.6,3.0,1.1,2.4,0.6,0.0,3.3,0.1,0.4,0.349,0.292,0.4242424242424243,0.778,37,30,122.1,117.0
VJ Edgecombe,PHI,20.0,N/A,75,35.0,16.0,5.6,4.2,1.4,0.5,13.7,2.4,1.8,0.438,0.354,0.5109489051094891,0.818,43,32,115.9,116.10000000000001
Victor Wembanyama,SAS,22.0,N/A,64,29.2,25.0,11.5,3.1,1.0,3.1,16.9,7.0,2.4,0.512,0.349,0.5650887573964497,0.827,50,14,119.8,111.5
Vince Williams Jr.,UTA,25.0,N/A,40,20.5,7.5,3.9,4.2,0.7,0.4,7.3,1.3,1.8,0.353,0.311,0.4520547945205479,0.78,16,24,117.6,126.0
Vladislav Goldin,MIA,24.0,N/A,9,2.7,0.8,1.0,0.3,0.0,0.3,0.4,0.1,0.3,0.75,0.0,0.7499999999999999,1.0,5,4,120.9,118.60000000000001
Vít Krejčí,POR,25.0,N/A,65,21.4,8.5,2.3,1.5,0.7,0.3,6.6,0.8,0.6,0.448,0.39,0.6060606060606061,0.745,32,33,115.5,115.8
Walker Kessler,UTA,24.0,N/A,5,30.8,14.4,10.8,3.0,1.4,1.8,7.4,4.0,3.2,0.703,0.75,0.7837837837837838,0.7,2,3,117.6,126.0
Walter Clayton Jr.,MEM,23.0,N/A,69,20.4,7.8,2.0,4.0,0.6,0.3,6.7,1.8,1.7,0.384,0.307,0.4701492537313433,0.901,17,52,114.7,120.7
Wendell Carter Jr.,ORL,27.0,N/A,78,29.3,11.8,7.4,2.0,0.8,0.6,8.2,3.2,1.3,0.512,0.319,0.5670731707317074,0.792,43,35,115.7,115.10000000000001
Wendell Moore Jr.,DET,24.0,N/A,6,9.9,1.7,1.0,0.7,0.3,0.3,1.2,0.3,0.2,0.571,0.0,0.5833333333333334,1.0,5,1,117.8,109.6
Will Richard,GSW,23.0,N/A,69,20.0,6.4,2.5,1.3,1.2,0.1,5.0,0.8,0.8,0.468,0.335,0.5599999999999999,0.852,34,35,114.6,115.19999999999999
Will Riley,WAS,20.0,N/A,74,22.1,10.3,2.9,2.0,0.7,0.1,8.4,2.4,1.3,0.439,0.316,0.5059523809523809,0.8,16,58,112.9,124.9
Xavier Tillman,CHA,27.0,N/A,30,6.1,1.5,1.4,0.4,0.3,0.2,1.5,0.1,0.3,0.435,0.167,0.5,0.25,21,9,116.0,111.2
Yang Hansen,POR,20.0,N/A,43,7.0,2.2,1.5,0.5,0.1,0.2,2.3,0.8,0.7,0.31,0.119,0.32608695652173914,0.824,24,19,115.5,115.8
Yanic Konan Niederhäuser,LAC,23.0,N/A,41,10.3,4.3,2.9,0.3,0.1,0.7,2.4,1.5,0.6,0.64,0.2,0.6666666666666667,0.758,22,19,113.8,112.7
Yuki Kawamura,CHI,24.0,N/A,18,11.6,3.4,1.8,2.6,0.5,0.0,2.9,1.1,0.8,0.327,0.297,0.41379310344827586,0.895,6,12,116.3,121.5
Yves Missi,NOP,21.0,N/A,66,19.7,5.7,5.8,1.3,0.3,1.5,4.5,1.5,0.8,0.544,0.0,0.5333333333333333,0.559,19,47,115.5,120.0
Zaccharie Risacher,ATL,21.0,N/A,67,22.4,9.6,3.8,1.1,0.9,0.5,8.0,1.3,0.9,0.455,0.368,0.5375,0.644,39,28,118.5,116.1
Zach Collins,CHI,28.0,N/A,10,18.4,9.7,5.6,1.5,0.2,0.4,6.4,2.0,1.0,0.578,0.429,0.6484375,0.7,6,4,116.3,121.5
Zach Edey,MEM,23.0,N/A,11,25.8,13.6,11.1,1.1,0.6,1.9,8.9,2.9,2.4,0.633,0.2,0.6348314606741572,0.781,7,4,114.7,120.7
Zach LaVine,SAC,31.0,N/A,39,31.4,19.2,2.8,2.3,0.7,0.3,14.0,3.6,1.9,0.479,0.39,0.5678571428571428,0.88,9,30,111.0,121.0
Zeke Nnaji,DEN,25.0,N/A,52,12.0,3.7,2.6,0.6,0.3,0.5,2.9,0.8,0.5,0.47,0.259,0.5344827586206896,0.773,38,14,122.1,117.0
Ziaire Williams,BKN,24.0,N/A,56,22.9,10.2,2.4,1.1,1.4,0.4,7.7,2.5,1.1,0.425,0.343,0.525974025974026,0.85,13,43,105.9,115.9
Zion Williamson,NOP,25.0,N/A,62,29.7,21.0,5.7,3.2,1.0,0.5,13.0,7.5,2.0,0.6,0.25,0.6,0.716,22,40,115.5,120.0
Zyon Pullin,MIN,25.0,N/A,5,8.5,4.6,0.6,1.8,0.2,0.0,2.6,0.8,0.6,0.692,0.333,0.7307692307692308,1.0,4,1,118.0,114.6
